-- MySQL dump 10.13  Distrib 8.0.34, for macos13 (arm64)
--
-- Host: ai-canvas.cum6izicmuux.ap-northeast-2.rds.amazonaws.com    Database: aicanvas
-- ------------------------------------------------------
-- Server version	8.0.33

/*!40101 SET @OLD_CHARACTER_SET_CLIENT=@@CHARACTER_SET_CLIENT */;
/*!40101 SET @OLD_CHARACTER_SET_RESULTS=@@CHARACTER_SET_RESULTS */;
/*!40101 SET @OLD_COLLATION_CONNECTION=@@COLLATION_CONNECTION */;
/*!50503 SET NAMES utf8mb4 */;
/*!40103 SET @OLD_TIME_ZONE=@@TIME_ZONE */;
/*!40103 SET TIME_ZONE='+00:00' */;
/*!40014 SET @OLD_UNIQUE_CHECKS=@@UNIQUE_CHECKS, UNIQUE_CHECKS=0 */;
/*!40014 SET @OLD_FOREIGN_KEY_CHECKS=@@FOREIGN_KEY_CHECKS, FOREIGN_KEY_CHECKS=0 */;
/*!40101 SET @OLD_SQL_MODE=@@SQL_MODE, SQL_MODE='NO_AUTO_VALUE_ON_ZERO' */;
/*!40111 SET @OLD_SQL_NOTES=@@SQL_NOTES, SQL_NOTES=0 */;
SET @MYSQLDUMP_TEMP_LOG_BIN = @@SESSION.SQL_LOG_BIN;
SET @@SESSION.SQL_LOG_BIN= 0;

--
-- GTID state at the beginning of the backup 
--

SET @@GLOBAL.GTID_PURGED=/*!80000 '+'*/ '';

--
-- Table structure for table `avatar`
--

DROP TABLE IF EXISTS `avatar`;
/*!40101 SET @saved_cs_client     = @@character_set_client */;
/*!50503 SET character_set_client = utf8mb4 */;
CREATE TABLE `avatar` (
  `id` bigint NOT NULL AUTO_INCREMENT,
  `avt_image` varchar(255) COLLATE utf8mb4_general_ci DEFAULT NULL,
  `avt_name` varchar(255) COLLATE utf8mb4_general_ci DEFAULT NULL,
  `item_id` bigint DEFAULT NULL,
  PRIMARY KEY (`id`),
  KEY `FKl9nkfcofcwdqyk8nx4t7yf0wl` (`item_id`),
  CONSTRAINT `FKl9nkfcofcwdqyk8nx4t7yf0wl` FOREIGN KEY (`item_id`) REFERENCES `item` (`id`)
) ENGINE=InnoDB AUTO_INCREMENT=13 DEFAULT CHARSET=utf8mb4 COLLATE=utf8mb4_general_ci;
/*!40101 SET character_set_client = @saved_cs_client */;

--
-- Dumping data for table `avatar`
--

LOCK TABLES `avatar` WRITE;
/*!40000 ALTER TABLE `avatar` DISABLE KEYS */;
INSERT INTO `avatar` VALUES (1,'https://aicanvas-mw.s3.ap-northeast-2.amazonaws.com/item/avatar/crocodile.png','crocodile',5),(2,'https://aicanvas-mw.s3.ap-northeast-2.amazonaws.com/item/avatar/eagle.png','eagle',6),(3,'https://aicanvas-mw.s3.ap-northeast-2.amazonaws.com/item/avatar/fox.png','fox',7),(4,'https://aicanvas-mw.s3.ap-northeast-2.amazonaws.com/item/avatar/hamster.png','hamster',8),(5,'https://aicanvas-mw.s3.ap-northeast-2.amazonaws.com/item/avatar/lion.png','lion',9),(6,'https://aicanvas-mw.s3.ap-northeast-2.amazonaws.com/item/avatar/otter.png','otter',10),(7,'https://aicanvas-mw.s3.ap-northeast-2.amazonaws.com/item/avatar/unicorn.png','unicorn',11),(10,'https://aicanvas-mw.s3.ap-northeast-2.amazonaws.com/item/avatar/%E1%84%8B%E1%85%A1%E1%84%80%E1%85%AE%E1%84%86%E1%85%A9%E1%86%AB.png','아구몬',22),(12,'https://aicanvas-mw.s3.ap-northeast-2.amazonaws.com/item/avatar/%E1%84%85%E1%85%A9%E1%84%91%E1%85%B3%E1%84%86%E1%85%A9%E1%86%AB.png','로프몬',24);
/*!40000 ALTER TABLE `avatar` ENABLE KEYS */;
UNLOCK TABLES;

--
-- Table structure for table `canvas`
--

DROP TABLE IF EXISTS `canvas`;
/*!40101 SET @saved_cs_client     = @@character_set_client */;
/*!50503 SET character_set_client = utf8mb4 */;
CREATE TABLE `canvas` (
  `id` bigint NOT NULL AUTO_INCREMENT,
  `converted_sketch` varchar(255) COLLATE utf8mb4_general_ci DEFAULT NULL,
  `sketch` varchar(255) COLLATE utf8mb4_general_ci NOT NULL,
  `profile_id` bigint NOT NULL,
  `subject_id` bigint NOT NULL,
  PRIMARY KEY (`id`),
  KEY `FKge9wxbc5bn4hmm982cr286kew` (`profile_id`),
  KEY `FKnnsmv7fytxambgtvi9cax06tq` (`subject_id`),
  CONSTRAINT `FKge9wxbc5bn4hmm982cr286kew` FOREIGN KEY (`profile_id`) REFERENCES `profile` (`id`),
  CONSTRAINT `FKnnsmv7fytxambgtvi9cax06tq` FOREIGN KEY (`subject_id`) REFERENCES `subject` (`id`)
) ENGINE=InnoDB AUTO_INCREMENT=490 DEFAULT CHARSET=utf8mb4 COLLATE=utf8mb4_general_ci;
/*!40101 SET character_set_client = @saved_cs_client */;

--
-- Dumping data for table `canvas`
--

LOCK TABLES `canvas` WRITE;
/*!40000 ALTER TABLE `canvas` DISABLE KEYS */;
INSERT INTO `canvas` VALUES (10,'https://aicanvas-mw.s3.ap-northeast-2.amazonaws.com/profile/10/canvas/shoe/1696385309459875444.JPG','https://aicanvas-mw.s3.ap-northeast-2.amazonaws.com/profile/10/sketch/%EC%98%A4%EC%A0%84%2011%3A08%3A18.jpg',10,9),(11,'https://aicanvas-mw.s3.ap-northeast-2.amazonaws.com/profile/10/canvas/handbag/1696385519367853857.JPG','https://aicanvas-mw.s3.ap-northeast-2.amazonaws.com/profile/10/sketch/%EC%98%A4%EC%A0%84%2011%3A11%3A48.jpg',10,8),(12,'https://aicanvas-mw.s3.ap-northeast-2.amazonaws.com/profile/11/canvas/shoe/1696389288323823841.JPG','https://aicanvas-mw.s3.ap-northeast-2.amazonaws.com/profile/11/sketch/%EC%98%A4%ED%9B%84%2012%3A14%3A47.jpg',11,9),(13,'https://aicanvas-mw.s3.ap-northeast-2.amazonaws.com/profile/11/canvas/shoe/1696389502628870323.JPG','https://aicanvas-mw.s3.ap-northeast-2.amazonaws.com/profile/11/sketch/%EC%98%A4%ED%9B%84%2012%3A18%3A22.jpg',11,9),(14,'https://aicanvas-mw.s3.ap-northeast-2.amazonaws.com/profile/10/canvas/handbag/1696389599086993097.JPG','https://aicanvas-mw.s3.ap-northeast-2.amazonaws.com/profile/10/sketch/%EC%98%A4%ED%9B%84%2012%3A19%3A47.jpg',10,8),(15,'https://aicanvas-mw.s3.ap-northeast-2.amazonaws.com/profile/11/canvas/shoe/1696389773489867452.JPG','https://aicanvas-mw.s3.ap-northeast-2.amazonaws.com/profile/11/sketch/%EC%98%A4%ED%9B%84%2012%3A22%3A53.jpg',11,9),(16,'https://aicanvas-mw.s3.ap-northeast-2.amazonaws.com/profile/10/canvas/handbag/1696389802507640217.JPG','https://aicanvas-mw.s3.ap-northeast-2.amazonaws.com/profile/10/sketch/%EC%98%A4%ED%9B%84%2012%3A23%3A11.jpg',10,8),(17,'https://aicanvas-mw.s3.ap-northeast-2.amazonaws.com/profile/11/canvas/handbag/1696390050315344265.JPG','https://aicanvas-mw.s3.ap-northeast-2.amazonaws.com/profile/11/sketch/%EC%98%A4%ED%9B%84%2012%3A27%3A29.jpg',11,8),(18,'https://aicanvas-mw.s3.ap-northeast-2.amazonaws.com/profile/10/canvas/handbag/1696391670475615909.JPG','https://aicanvas-mw.s3.ap-northeast-2.amazonaws.com/profile/10/sketch/%EC%98%A4%ED%9B%84%2012%3A54%3A19.jpg',10,8),(19,'https://aicanvas-mw.s3.ap-northeast-2.amazonaws.com/profile/11/canvas/handbag/1696391412487669895.JPG','https://aicanvas-mw.s3.ap-northeast-2.amazonaws.com/profile/11/sketch/%EC%98%A4%ED%9B%84%2012%3A50%3A12.jpg',11,8),(20,'https://aicanvas-mw.s3.ap-northeast-2.amazonaws.com/profile/11/canvas/handbag/1696391709768827369.JPG','https://aicanvas-mw.s3.ap-northeast-2.amazonaws.com/profile/11/sketch/%EC%98%A4%ED%9B%84%2012%3A55%3A09.jpg',11,8),(21,'https://aicanvas-mw.s3.ap-northeast-2.amazonaws.com/profile/10/canvas/handbag/1696391740023351951.JPG','https://aicanvas-mw.s3.ap-northeast-2.amazonaws.com/profile/10/sketch/%EC%98%A4%ED%9B%84%2012%3A55%3A29.jpg',10,8),(22,'https://aicanvas-mw.s3.ap-northeast-2.amazonaws.com/profile/10/canvas/shoe/1696392865163463652.JPG','https://aicanvas-mw.s3.ap-northeast-2.amazonaws.com/profile/10/sketch/%EC%98%A4%ED%9B%84%201%3A14%3A14.jpg',10,9),(23,'https://aicanvas-mw.s3.ap-northeast-2.amazonaws.com/profile/12/canvas/panda/1696393259186562817.JPG','https://aicanvas-mw.s3.ap-northeast-2.amazonaws.com/profile/12/sketch/%EC%98%A4%ED%9B%84%201%3A20%3A58.jpg',12,6),(24,'https://aicanvas-mw.s3.ap-northeast-2.amazonaws.com/profile/10/canvas/handbag/1696393584853323019.JPG','https://aicanvas-mw.s3.ap-northeast-2.amazonaws.com/profile/10/sketch/%EC%98%A4%ED%9B%84%201%3A26%3A13.jpg',10,8),(25,'https://aicanvas-mw.s3.ap-northeast-2.amazonaws.com/profile/10/canvas/panda/1696393722361682533.JPG','https://aicanvas-mw.s3.ap-northeast-2.amazonaws.com/profile/10/sketch/%EC%98%A4%ED%9B%84%201%3A28%3A31.jpg',10,6),(26,'https://aicanvas-mw.s3.ap-northeast-2.amazonaws.com/profile/10/canvas/car/1696393868806538499.JPG','https://aicanvas-mw.s3.ap-northeast-2.amazonaws.com/profile/10/sketch/%EC%98%A4%ED%9B%84%201%3A30%3A57.jpg',10,5),(27,'https://aicanvas-mw.s3.ap-northeast-2.amazonaws.com/profile/10/canvas/car/1696394000576925740.JPG','https://aicanvas-mw.s3.ap-northeast-2.amazonaws.com/profile/10/sketch/%EC%98%A4%ED%9B%84%201%3A33%3A09.jpg',10,5),(31,'https://aicanvas-mw.s3.ap-northeast-2.amazonaws.com/profile/10/canvas/handbag/1696394707191007765.JPG','https://aicanvas-mw.s3.ap-northeast-2.amazonaws.com/profile/10/sketch/%EC%98%A4%ED%9B%84%201%3A44%3A56.jpg',10,8),(42,'https://aicanvas-mw.s3.ap-northeast-2.amazonaws.com/profile/10/canvas/handbag/1696397611946478616.JPG','https://aicanvas-mw.s3.ap-northeast-2.amazonaws.com/profile/10/sketch/%EC%98%A4%ED%9B%84%202%3A33%3A21.jpg',10,8),(43,'https://aicanvas-mw.s3.ap-northeast-2.amazonaws.com/profile/10/canvas/handbag/1696397669374775103.JPG','https://aicanvas-mw.s3.ap-northeast-2.amazonaws.com/profile/10/sketch/%EC%98%A4%ED%9B%84%202%3A34%3A18.jpg',10,8),(44,'https://aicanvas-mw.s3.ap-northeast-2.amazonaws.com/profile/10/canvas/handbag/1696397700972285245.JPG','https://aicanvas-mw.s3.ap-northeast-2.amazonaws.com/profile/10/sketch/%EC%98%A4%ED%9B%84%202%3A34%3A50.jpg',10,8),(45,'https://aicanvas-mw.s3.ap-northeast-2.amazonaws.com/profile/10/canvas/shoe/1696397735049994472.JPG','https://aicanvas-mw.s3.ap-northeast-2.amazonaws.com/profile/10/sketch/%EC%98%A4%ED%9B%84%202%3A35%3A24.jpg',10,9),(46,'https://aicanvas-mw.s3.ap-northeast-2.amazonaws.com/profile/10/canvas/shoe/1696397871300541845.JPG','https://aicanvas-mw.s3.ap-northeast-2.amazonaws.com/profile/10/sketch/%EC%98%A4%ED%9B%84%202%3A37%3A40.jpg',10,9),(47,'https://aicanvas-mw.s3.ap-northeast-2.amazonaws.com/profile/10/canvas/shoe/1696398091048226114.JPG','https://aicanvas-mw.s3.ap-northeast-2.amazonaws.com/profile/10/sketch/%EC%98%A4%ED%9B%84%202%3A41%3A20.jpg',10,9),(48,'https://aicanvas-mw.s3.ap-northeast-2.amazonaws.com/profile/10/canvas/handbag/1696398761896852044.JPG','https://aicanvas-mw.s3.ap-northeast-2.amazonaws.com/profile/10/sketch/%EC%98%A4%ED%9B%84%202%3A52%3A31.jpg',10,8),(49,'https://aicanvas-mw.s3.ap-northeast-2.amazonaws.com/profile/10/canvas/handbag/1696398847961598550.JPG','https://aicanvas-mw.s3.ap-northeast-2.amazonaws.com/profile/10/sketch/%EC%98%A4%ED%9B%84%202%3A53%3A57.jpg',10,8),(50,'https://aicanvas-mw.s3.ap-northeast-2.amazonaws.com/profile/10/canvas/handbag/1696398897191531324.JPG','https://aicanvas-mw.s3.ap-northeast-2.amazonaws.com/profile/10/sketch/%EC%98%A4%ED%9B%84%202%3A54%3A46.jpg',10,8),(51,'https://aicanvas-mw.s3.ap-northeast-2.amazonaws.com/profile/10/canvas/handbag/1696398980968728232.JPG','https://aicanvas-mw.s3.ap-northeast-2.amazonaws.com/profile/10/sketch/%EC%98%A4%ED%9B%84%202%3A56%3A10.jpg',10,8),(52,'https://aicanvas-mw.s3.ap-northeast-2.amazonaws.com/profile/10/canvas/handbag/1696399043067654834.JPG','https://aicanvas-mw.s3.ap-northeast-2.amazonaws.com/profile/10/sketch/%EC%98%A4%ED%9B%84%202%3A57%3A12.jpg',10,8),(53,'https://aicanvas-mw.s3.ap-northeast-2.amazonaws.com/profile/10/canvas/handbag/1696399116669658534.JPG','https://aicanvas-mw.s3.ap-northeast-2.amazonaws.com/profile/10/sketch/%EC%98%A4%ED%9B%84%202%3A58%3A25.jpg',10,8),(55,'https://aicanvas-mw.s3.ap-northeast-2.amazonaws.com/profile/10/canvas/handbag/1696399189057920519.JPG','https://aicanvas-mw.s3.ap-northeast-2.amazonaws.com/profile/10/sketch/%EC%98%A4%ED%9B%84%202%3A59%3A38.jpg',10,8),(57,'https://aicanvas-mw.s3.ap-northeast-2.amazonaws.com/profile/10/canvas/handbag/1696399272174220997.JPG','https://aicanvas-mw.s3.ap-northeast-2.amazonaws.com/profile/10/sketch/%EC%98%A4%ED%9B%84%203%3A01%3A01.jpg',10,8),(59,'https://aicanvas-mw.s3.ap-northeast-2.amazonaws.com/profile/10/canvas/handbag/1696399390802604400.JPG','https://aicanvas-mw.s3.ap-northeast-2.amazonaws.com/profile/10/sketch/%EC%98%A4%ED%9B%84%203%3A02%3A59.jpg',10,8),(60,'https://aicanvas-mw.s3.ap-northeast-2.amazonaws.com/profile/10/canvas/handbag/1696399509272644462.JPG','https://aicanvas-mw.s3.ap-northeast-2.amazonaws.com/profile/10/sketch/%EC%98%A4%ED%9B%84%203%3A04%3A58.jpg',10,8),(61,'https://aicanvas-mw.s3.ap-northeast-2.amazonaws.com/profile/10/canvas/handbag/1696401830825631005.JPG','https://aicanvas-mw.s3.ap-northeast-2.amazonaws.com/profile/10/sketch/%EC%98%A4%ED%9B%84%203%3A43%3A39.jpg',10,8),(63,'https://aicanvas-mw.s3.ap-northeast-2.amazonaws.com/profile/10/canvas/handbag/1696404027071954211.JPG','https://aicanvas-mw.s3.ap-northeast-2.amazonaws.com/profile/10/sketch/%EC%98%A4%ED%9B%84%204%3A20%3A16.jpg',10,8),(70,NULL,'https://aicanvas-mw.s3.ap-northeast-2.amazonaws.com/profile/11/sketch/%EC%98%A4%ED%9B%84%208%3A43%3A59.jpg',11,8),(71,'https://aicanvas-mw.s3.ap-northeast-2.amazonaws.com/profile/11/canvas/handbag/1696420108746290259.JPG','https://aicanvas-mw.s3.ap-northeast-2.amazonaws.com/profile/11/sketch/%EC%98%A4%ED%9B%84%208%3A48%3A28.jpg',11,8),(72,'https://aicanvas-mw.s3.ap-northeast-2.amazonaws.com/profile/13/canvas/shoe/1696429655265543475.JPG','https://aicanvas-mw.s3.ap-northeast-2.amazonaws.com/profile/13/sketch/%EC%98%A4%ED%9B%84%2011%3A27%3A41.jpg',13,9),(73,'https://aicanvas-mw.s3.ap-northeast-2.amazonaws.com/profile/13/canvas/shoe/1696429696231444944.JPG','https://aicanvas-mw.s3.ap-northeast-2.amazonaws.com/profile/13/sketch/%EC%98%A4%ED%9B%84%2011%3A28%3A24.jpg',13,9),(74,'https://aicanvas-mw.s3.ap-northeast-2.amazonaws.com/profile/14/canvas/shoe/1696429844340053083.JPG','https://aicanvas-mw.s3.ap-northeast-2.amazonaws.com/profile/14/sketch/%EC%98%A4%ED%9B%84%2011%3A30%3A44.jpg',14,9),(75,'https://aicanvas-mw.s3.ap-northeast-2.amazonaws.com/profile/14/canvas/panda/1696430032481709105.JPG','https://aicanvas-mw.s3.ap-northeast-2.amazonaws.com/profile/14/sketch/%EC%98%A4%ED%9B%84%2011%3A33%3A52.jpg',14,6),(76,'https://aicanvas-mw.s3.ap-northeast-2.amazonaws.com/profile/14/canvas/shoe/1696430130374456637.JPG','https://aicanvas-mw.s3.ap-northeast-2.amazonaws.com/profile/14/sketch/%EC%98%A4%ED%9B%84%2011%3A35%3A30.jpg',14,9),(77,'https://aicanvas-mw.s3.ap-northeast-2.amazonaws.com/profile/14/canvas/handbag/1696430574965098727.JPG','https://aicanvas-mw.s3.ap-northeast-2.amazonaws.com/profile/14/sketch/%EC%98%A4%ED%9B%84%2011%3A42%3A54.jpg',14,8),(79,'https://aicanvas-mw.s3.ap-northeast-2.amazonaws.com/profile/14/canvas/panda/1696436749722821429.JPG','https://aicanvas-mw.s3.ap-northeast-2.amazonaws.com/profile/14/sketch/%EC%98%A4%EC%A0%84%201%3A25%3A49.jpg',14,6),(80,NULL,'https://aicanvas-mw.s3.ap-northeast-2.amazonaws.com/profile/14/sketch/%EC%98%A4%EC%A0%84%201%3A27%3A13.jpg',14,6),(81,'https://aicanvas-mw.s3.ap-northeast-2.amazonaws.com/profile/14/canvas/shoe/1696437771474778020.JPG','https://aicanvas-mw.s3.ap-northeast-2.amazonaws.com/profile/14/sketch/%EC%98%A4%EC%A0%84%201%3A42%3A51.jpg',14,9),(82,'https://aicanvas-mw.s3.ap-northeast-2.amazonaws.com/profile/14/canvas/handbag/1696437797157216379.JPG','https://aicanvas-mw.s3.ap-northeast-2.amazonaws.com/profile/14/sketch/%EC%98%A4%EC%A0%84%201%3A43%3A16.jpg',14,8),(83,NULL,'https://aicanvas-mw.s3.ap-northeast-2.amazonaws.com/profile/10/sketch/%EC%98%A4%EC%A0%84%209%3A08%3A45.jpg',10,8),(84,'https://aicanvas-mw.s3.ap-northeast-2.amazonaws.com/profile/10/canvas/handbag/1696464557614103072.JPG','https://aicanvas-mw.s3.ap-northeast-2.amazonaws.com/profile/10/sketch/%EC%98%A4%EC%A0%84%209%3A09%3A16.jpg',10,8),(85,NULL,'https://aicanvas-mw.s3.ap-northeast-2.amazonaws.com/profile/10/sketch/%EC%98%A4%EC%A0%84%209%3A13%3A40.jpg',10,8),(86,'https://aicanvas-mw.s3.ap-northeast-2.amazonaws.com/profile/10/canvas/handbag/1696465882707664379.JPG','https://aicanvas-mw.s3.ap-northeast-2.amazonaws.com/profile/10/sketch/%EC%98%A4%EC%A0%84%209%3A31%3A27.jpg',10,8),(87,'https://aicanvas-mw.s3.ap-northeast-2.amazonaws.com/profile/10/canvas/handbag/1696465948590410812.JPG','https://aicanvas-mw.s3.ap-northeast-2.amazonaws.com/profile/10/sketch/%EC%98%A4%EC%A0%84%209%3A32%3A27.jpg',10,8),(88,'https://aicanvas-mw.s3.ap-northeast-2.amazonaws.com/profile/11/canvas/shoe/1696466269909112640.JPG','https://aicanvas-mw.s3.ap-northeast-2.amazonaws.com/profile/11/sketch/%EC%98%A4%EC%A0%84%209%3A37%3A48.jpg',11,9),(93,'https://aicanvas-mw.s3.ap-northeast-2.amazonaws.com/profile/9/canvas/car/1696468525911828041.JPG','https://aicanvas-mw.s3.ap-northeast-2.amazonaws.com/profile/9/sketch/%EC%98%A4%EC%A0%84%2010%3A15%3A26.jpg',9,5),(94,'https://aicanvas-mw.s3.ap-northeast-2.amazonaws.com/profile/9/canvas/car/1696469446158226679.JPG','https://aicanvas-mw.s3.ap-northeast-2.amazonaws.com/profile/9/sketch/%EC%98%A4%EC%A0%84%2010%3A30%3A46.jpg',9,5),(95,'https://aicanvas-mw.s3.ap-northeast-2.amazonaws.com/profile/9/canvas/car/1696469535788826755.JPG','https://aicanvas-mw.s3.ap-northeast-2.amazonaws.com/profile/9/sketch/%EC%98%A4%EC%A0%84%2010%3A32%3A16.jpg',9,5),(96,'https://aicanvas-mw.s3.ap-northeast-2.amazonaws.com/profile/9/canvas/car/1696469569148030069.JPG','https://aicanvas-mw.s3.ap-northeast-2.amazonaws.com/profile/9/sketch/%EC%98%A4%EC%A0%84%2010%3A32%3A49.jpg',9,5),(97,'https://aicanvas-mw.s3.ap-northeast-2.amazonaws.com/profile/9/canvas/car/1696469618267937624.JPG','https://aicanvas-mw.s3.ap-northeast-2.amazonaws.com/profile/9/sketch/%EC%98%A4%EC%A0%84%2010%3A33%3A38.jpg',9,5),(98,NULL,'https://aicanvas-mw.s3.ap-northeast-2.amazonaws.com/profile/10/sketch/%EC%98%A4%EC%A0%84%2010%3A34%3A11.jpg',10,8),(99,'https://aicanvas-mw.s3.ap-northeast-2.amazonaws.com/profile/10/canvas/handbag/1696469721369637020.JPG','https://aicanvas-mw.s3.ap-northeast-2.amazonaws.com/profile/10/sketch/%EC%98%A4%EC%A0%84%2010%3A35%3A20.jpg',10,8),(100,'https://aicanvas-mw.s3.ap-northeast-2.amazonaws.com/profile/10/canvas/shoe/1696469901396218925.JPG','https://aicanvas-mw.s3.ap-northeast-2.amazonaws.com/profile/10/sketch/%EC%98%A4%EC%A0%84%2010%3A38%3A20.jpg',10,9),(101,'https://aicanvas-mw.s3.ap-northeast-2.amazonaws.com/profile/15/canvas/shoe/1696469980045142311.JPG','https://aicanvas-mw.s3.ap-northeast-2.amazonaws.com/profile/15/sketch/%EC%98%A4%EC%A0%84%2010%3A39%3A49.jpg',15,9),(102,'https://aicanvas-mw.s3.ap-northeast-2.amazonaws.com/profile/10/canvas/shoe/1696470005490900886.JPG','https://aicanvas-mw.s3.ap-northeast-2.amazonaws.com/profile/10/sketch/%EC%98%A4%EC%A0%84%2010%3A40%3A07.jpg',10,9),(103,'https://aicanvas-mw.s3.ap-northeast-2.amazonaws.com/profile/15/canvas/handbag/1696470019162738334.JPG','https://aicanvas-mw.s3.ap-northeast-2.amazonaws.com/profile/15/sketch/%EC%98%A4%EC%A0%84%2010%3A40%3A29.jpg',15,8),(104,'https://aicanvas-mw.s3.ap-northeast-2.amazonaws.com/profile/10/canvas/handbag/1696470270859309771.JPG','https://aicanvas-mw.s3.ap-northeast-2.amazonaws.com/profile/10/sketch/%EC%98%A4%EC%A0%84%2010%3A44%3A30.jpg',10,8),(105,'https://aicanvas-mw.s3.ap-northeast-2.amazonaws.com/profile/10/canvas/handbag/1696470423710859260.JPG','https://aicanvas-mw.s3.ap-northeast-2.amazonaws.com/profile/10/sketch/%EC%98%A4%EC%A0%84%2010%3A47%3A02.jpg',10,8),(106,NULL,'https://aicanvas-mw.s3.ap-northeast-2.amazonaws.com/profile/10/sketch/%EC%98%A4%EC%A0%84%2010%3A47%3A48.jpg',10,8),(107,'https://aicanvas-mw.s3.ap-northeast-2.amazonaws.com/profile/10/canvas/handbag/1696470487558445011.JPG','https://aicanvas-mw.s3.ap-northeast-2.amazonaws.com/profile/10/sketch/%EC%98%A4%EC%A0%84%2010%3A48%3A06.jpg',10,8),(108,'https://aicanvas-mw.s3.ap-northeast-2.amazonaws.com/profile/9/canvas/car/1696470630285477130.JPG','https://aicanvas-mw.s3.ap-northeast-2.amazonaws.com/profile/9/sketch/%EC%98%A4%EC%A0%84%2010%3A50%3A30.jpg',9,5),(109,'https://aicanvas-mw.s3.ap-northeast-2.amazonaws.com/profile/11/canvas/handbag/1696470763726260144.JPG','https://aicanvas-mw.s3.ap-northeast-2.amazonaws.com/profile/11/sketch/%EC%98%A4%EC%A0%84%2010%3A52%3A07.jpg',11,8),(110,NULL,'https://aicanvas-mw.s3.ap-northeast-2.amazonaws.com/profile/11/sketch/%EC%98%A4%EC%A0%84%2010%3A52%3A26.jpg',11,8),(111,'https://aicanvas-mw.s3.ap-northeast-2.amazonaws.com/profile/5/canvas/shoe/1696470796224892969.JPG','https://aicanvas-mw.s3.ap-northeast-2.amazonaws.com/profile/5/sketch/%EC%98%A4%EC%A0%84%2010%3A53%3A16.jpg',5,9),(112,'https://aicanvas-mw.s3.ap-northeast-2.amazonaws.com/profile/5/canvas/shoe/1696470913489198589.JPG','https://aicanvas-mw.s3.ap-northeast-2.amazonaws.com/profile/5/sketch/%EC%98%A4%EC%A0%84%2010%3A55%3A14.jpg',5,9),(113,'https://aicanvas-mw.s3.ap-northeast-2.amazonaws.com/profile/10/canvas/handbag/1696470955349132940.JPG','https://aicanvas-mw.s3.ap-northeast-2.amazonaws.com/profile/10/sketch/%EC%98%A4%EC%A0%84%2010%3A55%3A54.jpg',10,8),(114,'https://aicanvas-mw.s3.ap-northeast-2.amazonaws.com/profile/10/canvas/handbag/1696471002717271628.JPG','https://aicanvas-mw.s3.ap-northeast-2.amazonaws.com/profile/10/sketch/%EC%98%A4%EC%A0%84%2010%3A56%3A41.jpg',10,8),(115,'https://aicanvas-mw.s3.ap-northeast-2.amazonaws.com/profile/10/canvas/handbag/1696471017891949678.JPG','https://aicanvas-mw.s3.ap-northeast-2.amazonaws.com/profile/10/sketch/%EC%98%A4%EC%A0%84%2010%3A56%3A57.jpg',10,8),(116,'https://aicanvas-mw.s3.ap-northeast-2.amazonaws.com/profile/10/canvas/handbag/1696471216298619097.JPG','https://aicanvas-mw.s3.ap-northeast-2.amazonaws.com/profile/10/sketch/%EC%98%A4%EC%A0%84%2011%3A00%3A15.jpg',10,8),(117,'https://aicanvas-mw.s3.ap-northeast-2.amazonaws.com/profile/9/canvas/handbag/1696471270077282922.JPG','https://aicanvas-mw.s3.ap-northeast-2.amazonaws.com/profile/9/sketch/%EC%98%A4%EC%A0%84%2011%3A01%3A10.jpg',9,8),(118,'https://aicanvas-mw.s3.ap-northeast-2.amazonaws.com/profile/11/canvas/handbag/1696471625180702061.JPG','https://aicanvas-mw.s3.ap-northeast-2.amazonaws.com/profile/11/sketch/%EC%98%A4%EC%A0%84%2011%3A07%3A05.jpg',11,8),(119,'https://aicanvas-mw.s3.ap-northeast-2.amazonaws.com/profile/11/canvas/handbag/1696471639662351929.JPG','https://aicanvas-mw.s3.ap-northeast-2.amazonaws.com/profile/11/sketch/%EC%98%A4%EC%A0%84%2011%3A07%3A18.jpg',11,8),(120,'https://aicanvas-mw.s3.ap-northeast-2.amazonaws.com/profile/9/canvas/car/1696471677176045362.JPG','https://aicanvas-mw.s3.ap-northeast-2.amazonaws.com/profile/9/sketch/%EC%98%A4%EC%A0%84%2011%3A07%3A57.jpg',9,5),(121,'https://aicanvas-mw.s3.ap-northeast-2.amazonaws.com/profile/9/canvas/car/1696471945088229902.JPG','https://aicanvas-mw.s3.ap-northeast-2.amazonaws.com/profile/9/sketch/%EC%98%A4%EC%A0%84%2011%3A12%3A25.jpg',9,5),(122,'https://aicanvas-mw.s3.ap-northeast-2.amazonaws.com/profile/10/canvas/handbag/1696471958331531931.JPG','https://aicanvas-mw.s3.ap-northeast-2.amazonaws.com/profile/10/sketch/%EC%98%A4%EC%A0%84%2011%3A12%3A41.jpg',10,8),(123,'https://aicanvas-mw.s3.ap-northeast-2.amazonaws.com/profile/9/canvas/car/1696472260300801944.JPG','https://aicanvas-mw.s3.ap-northeast-2.amazonaws.com/profile/9/sketch/%EC%98%A4%EC%A0%84%2011%3A17%3A40.jpg',9,5),(124,'https://aicanvas-mw.s3.ap-northeast-2.amazonaws.com/profile/9/canvas/car/1696472308973075190.JPG','https://aicanvas-mw.s3.ap-northeast-2.amazonaws.com/profile/9/sketch/%EC%98%A4%EC%A0%84%2011%3A18%3A29.jpg',9,5),(125,NULL,'https://aicanvas-mw.s3.ap-northeast-2.amazonaws.com/profile/9/sketch/%EC%98%A4%ED%9B%84%2012%3A23%3A18.jpg',9,5),(126,'https://aicanvas-mw.s3.ap-northeast-2.amazonaws.com/profile/9/canvas/car/1696476216568870621.JPG','https://aicanvas-mw.s3.ap-northeast-2.amazonaws.com/profile/9/sketch/%EC%98%A4%ED%9B%84%2012%3A23%3A37.jpg',9,5),(127,NULL,'https://aicanvas-mw.s3.ap-northeast-2.amazonaws.com/profile/9/sketch/%EC%98%A4%ED%9B%84%2012%3A24%3A05.jpg',9,8),(128,NULL,'https://aicanvas-mw.s3.ap-northeast-2.amazonaws.com/profile/10/sketch/%EC%98%A4%ED%9B%84%2012%3A34%3A54.jpg',10,8),(129,'https://aicanvas-mw.s3.ap-northeast-2.amazonaws.com/profile/10/canvas/handbag/1696476924109188883.JPG','https://aicanvas-mw.s3.ap-northeast-2.amazonaws.com/profile/10/sketch/%EC%98%A4%ED%9B%84%2012%3A35%3A22.jpg',10,8),(130,'https://aicanvas-mw.s3.ap-northeast-2.amazonaws.com/profile/10/canvas/handbag/1696477143726934374.JPG','https://aicanvas-mw.s3.ap-northeast-2.amazonaws.com/profile/10/sketch/%EC%98%A4%ED%9B%84%2012%3A39%3A02.jpg',10,8),(131,'https://aicanvas-mw.s3.ap-northeast-2.amazonaws.com/profile/10/canvas/handbag/1696477191168351516.JPG','https://aicanvas-mw.s3.ap-northeast-2.amazonaws.com/profile/10/sketch/%EC%98%A4%ED%9B%84%2012%3A39%3A49.jpg',10,8),(132,'https://aicanvas-mw.s3.ap-northeast-2.amazonaws.com/profile/10/canvas/panda/1696477208116478453.JPG','https://aicanvas-mw.s3.ap-northeast-2.amazonaws.com/profile/10/sketch/%EC%98%A4%ED%9B%84%2012%3A40%3A06.jpg',10,6),(133,'https://aicanvas-mw.s3.ap-northeast-2.amazonaws.com/profile/10/canvas/handbag/1696477221824048582.JPG','https://aicanvas-mw.s3.ap-northeast-2.amazonaws.com/profile/10/sketch/%EC%98%A4%ED%9B%84%2012%3A40%3A20.jpg',10,8),(134,NULL,'https://aicanvas-mw.s3.ap-northeast-2.amazonaws.com/profile/10/sketch/%EC%98%A4%ED%9B%84%2012%3A41%3A00.jpg',10,8),(135,'https://aicanvas-mw.s3.ap-northeast-2.amazonaws.com/profile/10/canvas/car/1696477308213542946.JPG','https://aicanvas-mw.s3.ap-northeast-2.amazonaws.com/profile/10/sketch/%EC%98%A4%ED%9B%84%2012%3A41%3A46.jpg',10,5),(136,NULL,'https://aicanvas-mw.s3.ap-northeast-2.amazonaws.com/profile/10/sketch/%EC%98%A4%ED%9B%84%2012%3A46%3A17.jpg',10,8),(137,'https://aicanvas-mw.s3.ap-northeast-2.amazonaws.com/profile/10/canvas/handbag/1696477605672749543.JPG','https://aicanvas-mw.s3.ap-northeast-2.amazonaws.com/profile/10/sketch/%EC%98%A4%ED%9B%84%2012%3A46%3A44.jpg',10,8),(138,'https://aicanvas-mw.s3.ap-northeast-2.amazonaws.com/profile/10/canvas/shoe/1696477616530569169.JPG','https://aicanvas-mw.s3.ap-northeast-2.amazonaws.com/profile/10/sketch/%EC%98%A4%ED%9B%84%2012%3A46%3A55.jpg',10,9),(139,'https://aicanvas-mw.s3.ap-northeast-2.amazonaws.com/profile/10/canvas/shoe/1696477634953489566.JPG','https://aicanvas-mw.s3.ap-northeast-2.amazonaws.com/profile/10/sketch/%EC%98%A4%ED%9B%84%2012%3A47%3A13.jpg',10,9),(140,'https://aicanvas-mw.s3.ap-northeast-2.amazonaws.com/profile/18/canvas/car/1696478156206958261.JPG','https://aicanvas-mw.s3.ap-northeast-2.amazonaws.com/profile/18/sketch/%EC%98%A4%ED%9B%84%2012%3A55%3A54.jpg',18,5),(141,'https://aicanvas-mw.s3.ap-northeast-2.amazonaws.com/profile/11/canvas/car/1696478178791360796.JPG','https://aicanvas-mw.s3.ap-northeast-2.amazonaws.com/profile/11/sketch/%EC%98%A4%ED%9B%84%2012%3A56%3A17.jpg',11,5),(142,'https://aicanvas-mw.s3.ap-northeast-2.amazonaws.com/profile/12/canvas/car/1696478178094298413.JPG','https://aicanvas-mw.s3.ap-northeast-2.amazonaws.com/profile/12/sketch/%EC%98%A4%ED%9B%84%2012%3A56%3A17.jpg',12,5),(143,NULL,'https://aicanvas-mw.s3.ap-northeast-2.amazonaws.com/profile/18/sketch/%EC%98%A4%ED%9B%84%2012%3A56%3A40.jpg',18,9),(144,'https://aicanvas-mw.s3.ap-northeast-2.amazonaws.com/profile/11/canvas/car/1696478233606525140.JPG','https://aicanvas-mw.s3.ap-northeast-2.amazonaws.com/profile/11/sketch/%EC%98%A4%ED%9B%84%2012%3A57%3A12.jpg',11,5),(145,'https://aicanvas-mw.s3.ap-northeast-2.amazonaws.com/profile/18/canvas/shoe/1696478236657881416.JPG','https://aicanvas-mw.s3.ap-northeast-2.amazonaws.com/profile/18/sketch/%EC%98%A4%ED%9B%84%2012%3A57%3A15.jpg',18,9),(146,NULL,'https://aicanvas-mw.s3.ap-northeast-2.amazonaws.com/profile/14/sketch/%EC%98%A4%ED%9B%84%2012%3A58%3A26.jpg',14,8),(147,'https://aicanvas-mw.s3.ap-northeast-2.amazonaws.com/profile/14/canvas/handbag/1696478333728004684.JPG','https://aicanvas-mw.s3.ap-northeast-2.amazonaws.com/profile/14/sketch/%EC%98%A4%ED%9B%84%2012%3A58%3A53.jpg',14,8),(148,'https://aicanvas-mw.s3.ap-northeast-2.amazonaws.com/profile/14/canvas/handbag/1696478365145040501.JPG','https://aicanvas-mw.s3.ap-northeast-2.amazonaws.com/profile/14/sketch/%EC%98%A4%ED%9B%84%2012%3A59%3A25.jpg',14,8),(149,'https://aicanvas-mw.s3.ap-northeast-2.amazonaws.com/profile/18/canvas/car/1696478490530396861.JPG','https://aicanvas-mw.s3.ap-northeast-2.amazonaws.com/profile/18/sketch/%EC%98%A4%ED%9B%84%201%3A01%3A29.jpg',18,5),(150,'https://aicanvas-mw.s3.ap-northeast-2.amazonaws.com/profile/14/canvas/car/1696478517814762770.JPG','https://aicanvas-mw.s3.ap-northeast-2.amazonaws.com/profile/14/sketch/%EC%98%A4%ED%9B%84%201%3A01%3A57.jpg',14,5),(152,NULL,'https://aicanvas-mw.s3.ap-northeast-2.amazonaws.com/profile/18/sketch/%EC%98%A4%ED%9B%84%201%3A10%3A41.jpg',18,8),(153,'https://aicanvas-mw.s3.ap-northeast-2.amazonaws.com/profile/18/canvas/handbag/1696479051245267843.JPG','https://aicanvas-mw.s3.ap-northeast-2.amazonaws.com/profile/18/sketch/%EC%98%A4%ED%9B%84%201%3A10%3A49.jpg',18,8),(154,'https://aicanvas-mw.s3.ap-northeast-2.amazonaws.com/profile/18/canvas/handbag/1696479064066587366.JPG','https://aicanvas-mw.s3.ap-northeast-2.amazonaws.com/profile/18/sketch/%EC%98%A4%ED%9B%84%201%3A11%3A02.jpg',18,8),(155,'https://aicanvas-mw.s3.ap-northeast-2.amazonaws.com/profile/18/canvas/shoe/1696479071385718188.JPG','https://aicanvas-mw.s3.ap-northeast-2.amazonaws.com/profile/18/sketch/%EC%98%A4%ED%9B%84%201%3A11%3A10.jpg',18,9),(157,'https://aicanvas-mw.s3.ap-northeast-2.amazonaws.com/profile/18/canvas/shoe/1696479100942831009.JPG','https://aicanvas-mw.s3.ap-northeast-2.amazonaws.com/profile/18/sketch/%EC%98%A4%ED%9B%84%201%3A11%3A39.jpg',18,9),(159,'https://aicanvas-mw.s3.ap-northeast-2.amazonaws.com/profile/18/canvas/handbag/1696479218992188586.JPG','https://aicanvas-mw.s3.ap-northeast-2.amazonaws.com/profile/18/sketch/%EC%98%A4%ED%9B%84%201%3A13%3A37.jpg',18,8),(160,'https://aicanvas-mw.s3.ap-northeast-2.amazonaws.com/profile/18/canvas/handbag/1696479227209747218.JPG','https://aicanvas-mw.s3.ap-northeast-2.amazonaws.com/profile/18/sketch/%EC%98%A4%ED%9B%84%201%3A13%3A45.jpg',18,8),(161,'https://aicanvas-mw.s3.ap-northeast-2.amazonaws.com/profile/18/canvas/handbag/1696479335776840413.JPG','https://aicanvas-mw.s3.ap-northeast-2.amazonaws.com/profile/18/sketch/%EC%98%A4%ED%9B%84%201%3A15%3A34.jpg',18,8),(162,'https://aicanvas-mw.s3.ap-northeast-2.amazonaws.com/profile/18/canvas/handbag/1696479542294951615.JPG','https://aicanvas-mw.s3.ap-northeast-2.amazonaws.com/profile/18/sketch/%EC%98%A4%ED%9B%84%201%3A19%3A00.jpg',18,8),(163,'https://aicanvas-mw.s3.ap-northeast-2.amazonaws.com/profile/9/canvas/handbag/1696479721537638690.JPG','https://aicanvas-mw.s3.ap-northeast-2.amazonaws.com/profile/9/sketch/%EC%98%A4%ED%9B%84%201%3A22%3A01.jpg',9,8),(164,'https://aicanvas-mw.s3.ap-northeast-2.amazonaws.com/profile/18/canvas/handbag/1696480104127780550.JPG','https://aicanvas-mw.s3.ap-northeast-2.amazonaws.com/profile/18/sketch/%EC%98%A4%ED%9B%84%201%3A28%3A22.jpg',18,8),(165,NULL,'https://aicanvas-mw.s3.ap-northeast-2.amazonaws.com/profile/18/sketch/%EC%98%A4%ED%9B%84%201%3A29%3A15.jpg',18,8),(166,'https://aicanvas-mw.s3.ap-northeast-2.amazonaws.com/profile/18/canvas/handbag/1696480175023111477.JPG','https://aicanvas-mw.s3.ap-northeast-2.amazonaws.com/profile/18/sketch/%EC%98%A4%ED%9B%84%201%3A29%3A33.jpg',18,8),(167,'https://aicanvas-mw.s3.ap-northeast-2.amazonaws.com/profile/18/canvas/handbag/1696480207809128983.JPG','https://aicanvas-mw.s3.ap-northeast-2.amazonaws.com/profile/18/sketch/%EC%98%A4%ED%9B%84%201%3A30%3A10.jpg',18,8),(168,'https://aicanvas-mw.s3.ap-northeast-2.amazonaws.com/profile/18/canvas/handbag/1696480220889744614.JPG','https://aicanvas-mw.s3.ap-northeast-2.amazonaws.com/profile/18/sketch/%EC%98%A4%ED%9B%84%201%3A30%3A19.jpg',18,8),(169,'https://aicanvas-mw.s3.ap-northeast-2.amazonaws.com/profile/18/canvas/handbag/1696480226713667929.JPG','https://aicanvas-mw.s3.ap-northeast-2.amazonaws.com/profile/18/sketch/%EC%98%A4%ED%9B%84%201%3A30%3A25.jpg',18,8),(170,NULL,'https://aicanvas-mw.s3.ap-northeast-2.amazonaws.com/profile/18/sketch/%EC%98%A4%ED%9B%84%201%3A30%3A56.jpg',18,6),(171,'https://aicanvas-mw.s3.ap-northeast-2.amazonaws.com/profile/18/canvas/car/1696480445403415293.JPG','https://aicanvas-mw.s3.ap-northeast-2.amazonaws.com/profile/18/sketch/%EC%98%A4%ED%9B%84%201%3A34%3A04.jpg',18,5),(172,'https://aicanvas-mw.s3.ap-northeast-2.amazonaws.com/profile/18/canvas/handbag/1696480549098781077.JPG','https://aicanvas-mw.s3.ap-northeast-2.amazonaws.com/profile/18/sketch/%EC%98%A4%ED%9B%84%201%3A35%3A47.jpg',18,8),(173,'https://aicanvas-mw.s3.ap-northeast-2.amazonaws.com/profile/18/canvas/handbag/1696480606362723975.JPG','https://aicanvas-mw.s3.ap-northeast-2.amazonaws.com/profile/18/sketch/%EC%98%A4%ED%9B%84%201%3A36%3A44.jpg',18,8),(174,'https://aicanvas-mw.s3.ap-northeast-2.amazonaws.com/profile/18/canvas/handbag/1696480717114079885.JPG','https://aicanvas-mw.s3.ap-northeast-2.amazonaws.com/profile/18/sketch/%EC%98%A4%ED%9B%84%201%3A38%3A35.jpg',18,8),(176,'https://aicanvas-mw.s3.ap-northeast-2.amazonaws.com/profile/18/canvas/car/1696480837756580368.JPG','https://aicanvas-mw.s3.ap-northeast-2.amazonaws.com/profile/18/sketch/%EC%98%A4%ED%9B%84%201%3A40%3A36.jpg',18,5),(177,'https://aicanvas-mw.s3.ap-northeast-2.amazonaws.com/profile/9/canvas/shoe/1696481059680028893.JPG','https://aicanvas-mw.s3.ap-northeast-2.amazonaws.com/profile/9/sketch/%EC%98%A4%ED%9B%84%201%3A44%3A21.jpg',9,9),(178,'https://aicanvas-mw.s3.ap-northeast-2.amazonaws.com/profile/18/canvas/car/1696481105573482945.JPG','https://aicanvas-mw.s3.ap-northeast-2.amazonaws.com/profile/18/sketch/%EC%98%A4%ED%9B%84%201%3A45%3A04.jpg',18,5),(179,'https://aicanvas-mw.s3.ap-northeast-2.amazonaws.com/profile/9/canvas/handbag/1696481149694704546.JPG','https://aicanvas-mw.s3.ap-northeast-2.amazonaws.com/profile/9/sketch/%EC%98%A4%ED%9B%84%201%3A45%3A49.jpg',9,8),(180,'https://aicanvas-mw.s3.ap-northeast-2.amazonaws.com/profile/18/canvas/car/1696481220938072663.JPG','https://aicanvas-mw.s3.ap-northeast-2.amazonaws.com/profile/18/sketch/%EC%98%A4%ED%9B%84%201%3A46%3A59.jpg',18,5),(181,'https://aicanvas-mw.s3.ap-northeast-2.amazonaws.com/profile/18/canvas/car/1696481237046915599.JPG','https://aicanvas-mw.s3.ap-northeast-2.amazonaws.com/profile/18/sketch/%EC%98%A4%ED%9B%84%201%3A47%3A15.jpg',18,5),(182,'https://aicanvas-mw.s3.ap-northeast-2.amazonaws.com/profile/18/canvas/car/1696481312983962800.JPG','https://aicanvas-mw.s3.ap-northeast-2.amazonaws.com/profile/18/sketch/%EC%98%A4%ED%9B%84%201%3A48%3A31.jpg',18,5),(183,'https://aicanvas-mw.s3.ap-northeast-2.amazonaws.com/profile/18/canvas/shoe/1696481407379448623.JPG','https://aicanvas-mw.s3.ap-northeast-2.amazonaws.com/profile/18/sketch/%EC%98%A4%ED%9B%84%201%3A50%3A05.jpg',18,9),(185,'https://aicanvas-mw.s3.ap-northeast-2.amazonaws.com/profile/18/canvas/handbag/1696481687556280268.JPG','https://aicanvas-mw.s3.ap-northeast-2.amazonaws.com/profile/18/sketch/%EC%98%A4%ED%9B%84%201%3A54%3A46.jpg',18,8),(186,'https://aicanvas-mw.s3.ap-northeast-2.amazonaws.com/profile/9/canvas/handbag/1696481703320035463.JPG','https://aicanvas-mw.s3.ap-northeast-2.amazonaws.com/profile/9/sketch/%EC%98%A4%ED%9B%84%201%3A55%3A03.jpg',9,8),(187,NULL,'https://aicanvas-mw.s3.ap-northeast-2.amazonaws.com/profile/9/sketch/%EC%98%A4%ED%9B%84%201%3A55%3A23.jpg',9,8),(189,'https://aicanvas-mw.s3.ap-northeast-2.amazonaws.com/profile/9/canvas/handbag/1696481754154556220.JPG','https://aicanvas-mw.s3.ap-northeast-2.amazonaws.com/profile/9/sketch/%EC%98%A4%ED%9B%84%201%3A55%3A54.jpg',9,8),(191,NULL,'https://aicanvas-mw.s3.ap-northeast-2.amazonaws.com/profile/18/sketch/%EC%98%A4%ED%9B%84%201%3A57%3A11.jpg',18,8),(193,'https://aicanvas-mw.s3.ap-northeast-2.amazonaws.com/profile/9/canvas/gemstone/1696481982089891959.JPG','https://aicanvas-mw.s3.ap-northeast-2.amazonaws.com/profile/9/sketch/%EC%98%A4%ED%9B%84%201%3A59%3A42.jpg',9,11),(194,'https://aicanvas-mw.s3.ap-northeast-2.amazonaws.com/profile/18/canvas/handbag/1696481974262899778.JPG','https://aicanvas-mw.s3.ap-northeast-2.amazonaws.com/profile/18/sketch/%EC%98%A4%ED%9B%84%201%3A59%3A32.jpg',18,8),(195,'https://aicanvas-mw.s3.ap-northeast-2.amazonaws.com/profile/12/canvas/maple_character/1696482037886454083.JPG','https://aicanvas-mw.s3.ap-northeast-2.amazonaws.com/profile/12/sketch/%EC%98%A4%ED%9B%84%202%3A00%3A37.jpg',12,10),(197,'https://aicanvas-mw.s3.ap-northeast-2.amazonaws.com/profile/18/canvas/handbag/1696482190222027141.JPG','https://aicanvas-mw.s3.ap-northeast-2.amazonaws.com/profile/18/sketch/%EC%98%A4%ED%9B%84%202%3A03%3A08.jpg',18,8),(203,NULL,'https://aicanvas-mw.s3.ap-northeast-2.amazonaws.com/profile/5/sketch/%EC%98%A4%ED%9B%84%202%3A05%3A24.jpg',5,6),(204,'https://aicanvas-mw.s3.ap-northeast-2.amazonaws.com/profile/5/canvas/panda/1696482341427751358.JPG','https://aicanvas-mw.s3.ap-northeast-2.amazonaws.com/profile/5/sketch/%EC%98%A4%ED%9B%84%202%3A05%3A39.jpg',5,6),(205,'https://aicanvas-mw.s3.ap-northeast-2.amazonaws.com/profile/5/canvas/panda/1696482351118252081.JPG','https://aicanvas-mw.s3.ap-northeast-2.amazonaws.com/profile/5/sketch/%EC%98%A4%ED%9B%84%202%3A05%3A49.jpg',5,6),(206,'https://aicanvas-mw.s3.ap-northeast-2.amazonaws.com/profile/5/canvas/panda/1696482358753518967.JPG','https://aicanvas-mw.s3.ap-northeast-2.amazonaws.com/profile/5/sketch/%EC%98%A4%ED%9B%84%202%3A05%3A57.jpg',5,6),(207,'https://aicanvas-mw.s3.ap-northeast-2.amazonaws.com/profile/5/canvas/panda/1696482366111774805.JPG','https://aicanvas-mw.s3.ap-northeast-2.amazonaws.com/profile/5/sketch/%EC%98%A4%ED%9B%84%202%3A06%3A04.jpg',5,6),(208,'https://aicanvas-mw.s3.ap-northeast-2.amazonaws.com/profile/18/canvas/car/1696482426837014588.JPG','https://aicanvas-mw.s3.ap-northeast-2.amazonaws.com/profile/18/sketch/%EC%98%A4%ED%9B%84%202%3A07%3A05.jpg',18,5),(210,'https://aicanvas-mw.s3.ap-northeast-2.amazonaws.com/profile/18/canvas/car/1696482447729395038.JPG','https://aicanvas-mw.s3.ap-northeast-2.amazonaws.com/profile/18/sketch/%EC%98%A4%ED%9B%84%202%3A07%3A26.jpg',18,5),(211,'https://aicanvas-mw.s3.ap-northeast-2.amazonaws.com/profile/18/canvas/car/1696482467264826401.JPG','https://aicanvas-mw.s3.ap-northeast-2.amazonaws.com/profile/18/sketch/%EC%98%A4%ED%9B%84%202%3A07%3A45.jpg',18,5),(212,'https://aicanvas-mw.s3.ap-northeast-2.amazonaws.com/profile/18/canvas/car/1696482498578513681.JPG','https://aicanvas-mw.s3.ap-northeast-2.amazonaws.com/profile/18/sketch/%EC%98%A4%ED%9B%84%202%3A08%3A17.jpg',18,5),(213,'https://aicanvas-mw.s3.ap-northeast-2.amazonaws.com/profile/18/canvas/car/1696482557740645462.JPG','https://aicanvas-mw.s3.ap-northeast-2.amazonaws.com/profile/18/sketch/%EC%98%A4%ED%9B%84%202%3A09%3A16.jpg',18,5),(214,'https://aicanvas-mw.s3.ap-northeast-2.amazonaws.com/profile/18/canvas/car/1696482563792101186.JPG','https://aicanvas-mw.s3.ap-northeast-2.amazonaws.com/profile/18/sketch/%EC%98%A4%ED%9B%84%202%3A09%3A22.jpg',18,5),(215,'https://aicanvas-mw.s3.ap-northeast-2.amazonaws.com/profile/18/canvas/car/1696482567887750156.JPG','https://aicanvas-mw.s3.ap-northeast-2.amazonaws.com/profile/18/sketch/%EC%98%A4%ED%9B%84%202%3A09%3A26.jpg',18,5),(216,'https://aicanvas-mw.s3.ap-northeast-2.amazonaws.com/profile/18/canvas/car/1696482572561992426.JPG','https://aicanvas-mw.s3.ap-northeast-2.amazonaws.com/profile/18/sketch/%EC%98%A4%ED%9B%84%202%3A09%3A31.jpg',18,5),(217,'https://aicanvas-mw.s3.ap-northeast-2.amazonaws.com/profile/18/canvas/car/1696482579403737993.JPG','https://aicanvas-mw.s3.ap-northeast-2.amazonaws.com/profile/18/sketch/%EC%98%A4%ED%9B%84%202%3A09%3A38.jpg',18,5),(218,'https://aicanvas-mw.s3.ap-northeast-2.amazonaws.com/profile/9/canvas/handbag/1696482605761549158.JPG','https://aicanvas-mw.s3.ap-northeast-2.amazonaws.com/profile/9/sketch/%EC%98%A4%ED%9B%84%202%3A10%3A06.jpg',9,8),(220,'https://aicanvas-mw.s3.ap-northeast-2.amazonaws.com/profile/18/canvas/handbag/1696482753337234132.JPG','https://aicanvas-mw.s3.ap-northeast-2.amazonaws.com/profile/18/sketch/%EC%98%A4%ED%9B%84%202%3A12%3A31.jpg',18,8),(222,'https://aicanvas-mw.s3.ap-northeast-2.amazonaws.com/profile/18/canvas/car/1696482804439718257.JPG','https://aicanvas-mw.s3.ap-northeast-2.amazonaws.com/profile/18/sketch/%EC%98%A4%ED%9B%84%202%3A13%3A23.jpg',18,5),(224,NULL,'https://aicanvas-mw.s3.ap-northeast-2.amazonaws.com/profile/18/sketch/%EC%98%A4%ED%9B%84%202%3A14%3A22.jpg',18,5),(225,'https://aicanvas-mw.s3.ap-northeast-2.amazonaws.com/profile/18/canvas/car/1696482870932358439.JPG','https://aicanvas-mw.s3.ap-northeast-2.amazonaws.com/profile/18/sketch/%EC%98%A4%ED%9B%84%202%3A14%3A29.jpg',18,5),(226,'https://aicanvas-mw.s3.ap-northeast-2.amazonaws.com/profile/18/canvas/car/1696482884114340239.JPG','https://aicanvas-mw.s3.ap-northeast-2.amazonaws.com/profile/18/sketch/%EC%98%A4%ED%9B%84%202%3A14%3A42.jpg',18,5),(227,'https://aicanvas-mw.s3.ap-northeast-2.amazonaws.com/profile/18/canvas/car/1696482916564378246.JPG','https://aicanvas-mw.s3.ap-northeast-2.amazonaws.com/profile/18/sketch/%EC%98%A4%ED%9B%84%202%3A15%3A15.jpg',18,5),(229,'https://aicanvas-mw.s3.ap-northeast-2.amazonaws.com/profile/9/canvas/shoe/1696483134729580218.JPG','https://aicanvas-mw.s3.ap-northeast-2.amazonaws.com/profile/9/sketch/%EC%98%A4%ED%9B%84%202%3A18%3A55.jpg',9,9),(234,'https://aicanvas-mw.s3.ap-northeast-2.amazonaws.com/profile/18/canvas/handbag/1696483289778024243.JPG','https://aicanvas-mw.s3.ap-northeast-2.amazonaws.com/profile/18/sketch/%EC%98%A4%ED%9B%84%202%3A21%3A28.jpg',18,8),(239,'https://aicanvas-mw.s3.ap-northeast-2.amazonaws.com/profile/18/canvas/handbag/1696483631088567409.JPG','https://aicanvas-mw.s3.ap-northeast-2.amazonaws.com/profile/18/sketch/%EC%98%A4%ED%9B%84%202%3A27%3A09.jpg',18,8),(240,'https://aicanvas-mw.s3.ap-northeast-2.amazonaws.com/profile/9/canvas/shoe/1696483790182990346.JPG','https://aicanvas-mw.s3.ap-northeast-2.amazonaws.com/profile/9/sketch/%EC%98%A4%ED%9B%84%202%3A29%3A50.jpg',9,9),(241,NULL,'https://aicanvas-mw.s3.ap-northeast-2.amazonaws.com/profile/9/sketch/%EC%98%A4%ED%9B%84%202%3A30%3A04.jpg',9,8),(242,NULL,'https://aicanvas-mw.s3.ap-northeast-2.amazonaws.com/profile/11/sketch/%EC%98%A4%ED%9B%84%202%3A40%3A04.jpg',11,10),(243,'https://aicanvas-mw.s3.ap-northeast-2.amazonaws.com/profile/11/canvas/handbag/1696484554150446354.JPG','https://aicanvas-mw.s3.ap-northeast-2.amazonaws.com/profile/11/sketch/%EC%98%A4%ED%9B%84%202%3A42%3A36.jpg',11,8),(244,'https://aicanvas-mw.s3.ap-northeast-2.amazonaws.com/profile/18/canvas/handbag/1696484599233631377.JPG','https://aicanvas-mw.s3.ap-northeast-2.amazonaws.com/profile/18/sketch/%EC%98%A4%ED%9B%84%202%3A43%3A17.jpg',18,8),(245,'https://aicanvas-mw.s3.ap-northeast-2.amazonaws.com/profile/22/canvas/shoe/1696485840025405415.JPG','https://aicanvas-mw.s3.ap-northeast-2.amazonaws.com/profile/22/sketch/%EC%98%A4%ED%9B%84%203%3A03%3A59.jpg',22,9),(246,'https://aicanvas-mw.s3.ap-northeast-2.amazonaws.com/profile/22/canvas/shoe/1696485929281402999.JPG','https://aicanvas-mw.s3.ap-northeast-2.amazonaws.com/profile/22/sketch/%EC%98%A4%ED%9B%84%203%3A05%3A29.jpg',22,9),(247,'https://aicanvas-mw.s3.ap-northeast-2.amazonaws.com/profile/22/canvas/handbag/1696485964080599060.JPG','https://aicanvas-mw.s3.ap-northeast-2.amazonaws.com/profile/22/sketch/%EC%98%A4%ED%9B%84%203%3A06%3A04.jpg',22,8),(248,NULL,'https://aicanvas-mw.s3.ap-northeast-2.amazonaws.com/profile/11/sketch/%EC%98%A4%ED%9B%84%203%3A17%3A29.jpg',11,10),(249,'https://aicanvas-mw.s3.ap-northeast-2.amazonaws.com/profile/11/canvas/maple_character/1696486675940857321.JPG','https://aicanvas-mw.s3.ap-northeast-2.amazonaws.com/profile/11/sketch/%EC%98%A4%ED%9B%84%203%3A17%3A54.jpg',11,10),(250,NULL,'https://aicanvas-mw.s3.ap-northeast-2.amazonaws.com/profile/18/sketch/%EC%98%A4%ED%9B%84%203%3A19%3A06.jpg',18,6),(251,'https://aicanvas-mw.s3.ap-northeast-2.amazonaws.com/profile/11/canvas/maple_character/1696486745905298307.JPG','https://aicanvas-mw.s3.ap-northeast-2.amazonaws.com/profile/11/sketch/%EC%98%A4%ED%9B%84%203%3A19%3A03.jpg',11,10),(252,'https://aicanvas-mw.s3.ap-northeast-2.amazonaws.com/profile/18/canvas/panda/1696486817881554497.JPG','https://aicanvas-mw.s3.ap-northeast-2.amazonaws.com/profile/18/sketch/%EC%98%A4%ED%9B%84%203%3A20%3A16.jpg',18,6),(253,'https://aicanvas-mw.s3.ap-northeast-2.amazonaws.com/profile/22/canvas/panda/1696487275685321047.JPG','https://aicanvas-mw.s3.ap-northeast-2.amazonaws.com/profile/22/sketch/%EC%98%A4%ED%9B%84%203%3A27%3A55.jpg',22,6),(254,'https://aicanvas-mw.s3.ap-northeast-2.amazonaws.com/profile/22/canvas/handbag/1696487474074442520.JPG','https://aicanvas-mw.s3.ap-northeast-2.amazonaws.com/profile/22/sketch/%EC%98%A4%ED%9B%84%203%3A31%3A14.jpg',22,8),(255,'https://aicanvas-mw.s3.ap-northeast-2.amazonaws.com/profile/22/canvas/handbag/1696487544476975186.JPG','https://aicanvas-mw.s3.ap-northeast-2.amazonaws.com/profile/22/sketch/%EC%98%A4%ED%9B%84%203%3A32%3A24.jpg',22,8),(256,'https://aicanvas-mw.s3.ap-northeast-2.amazonaws.com/profile/22/canvas/handbag/1696487659494490186.JPG','https://aicanvas-mw.s3.ap-northeast-2.amazonaws.com/profile/22/sketch/%EC%98%A4%ED%9B%84%203%3A34%3A19.jpg',22,8),(257,'https://aicanvas-mw.s3.ap-northeast-2.amazonaws.com/profile/22/canvas/handbag/1696487836532067146.JPG','https://aicanvas-mw.s3.ap-northeast-2.amazonaws.com/profile/22/sketch/%EC%98%A4%ED%9B%84%203%3A37%3A16.jpg',22,8),(258,'https://aicanvas-mw.s3.ap-northeast-2.amazonaws.com/profile/22/canvas/handbag/1696487929608785078.JPG','https://aicanvas-mw.s3.ap-northeast-2.amazonaws.com/profile/22/sketch/%EC%98%A4%ED%9B%84%203%3A38%3A49.jpg',22,8),(259,'https://aicanvas-mw.s3.ap-northeast-2.amazonaws.com/profile/22/canvas/shoe/1696487943648555928.JPG','https://aicanvas-mw.s3.ap-northeast-2.amazonaws.com/profile/22/sketch/%EC%98%A4%ED%9B%84%203%3A39%3A03.jpg',22,9),(265,'https://aicanvas-mw.s3.ap-northeast-2.amazonaws.com/profile/18/canvas/handbag/1696489117694956350.JPG','https://aicanvas-mw.s3.ap-northeast-2.amazonaws.com/profile/18/sketch/%EC%98%A4%ED%9B%84%203%3A58%3A36.jpg',18,8),(266,'https://aicanvas-mw.s3.ap-northeast-2.amazonaws.com/profile/18/canvas/handbag/1696489258177637846.JPG','https://aicanvas-mw.s3.ap-northeast-2.amazonaws.com/profile/18/sketch/%EC%98%A4%ED%9B%84%204%3A00%3A56.jpg',18,8),(271,'https://aicanvas-mw.s3.ap-northeast-2.amazonaws.com/profile/18/canvas/handbag/1696490097550529038.JPG','https://aicanvas-mw.s3.ap-northeast-2.amazonaws.com/profile/18/sketch/%EC%98%A4%ED%9B%84%204%3A14%3A56.jpg',18,8),(272,'https://aicanvas-mw.s3.ap-northeast-2.amazonaws.com/profile/18/canvas/shoe/1696490673391414189.JPG','https://aicanvas-mw.s3.ap-northeast-2.amazonaws.com/profile/18/sketch/%EC%98%A4%ED%9B%84%204%3A24%3A31.jpg',18,9),(273,'https://aicanvas-mw.s3.ap-northeast-2.amazonaws.com/profile/18/canvas/shoe/1696490848363232151.JPG','https://aicanvas-mw.s3.ap-northeast-2.amazonaws.com/profile/18/sketch/%EC%98%A4%ED%9B%84%204%3A27%3A26.jpg',18,9),(274,'https://aicanvas-mw.s3.ap-northeast-2.amazonaws.com/profile/18/canvas/shoe/1696490998303619189.JPG','https://aicanvas-mw.s3.ap-northeast-2.amazonaws.com/profile/18/sketch/%EC%98%A4%ED%9B%84%204%3A29%3A44.jpg',18,9),(275,'https://aicanvas-mw.s3.ap-northeast-2.amazonaws.com/profile/20/canvas/car/1696490978683392878.JPG','https://aicanvas-mw.s3.ap-northeast-2.amazonaws.com/profile/20/sketch/%EC%98%A4%ED%9B%84%204%3A29%3A38.jpg',20,5),(276,'https://aicanvas-mw.s3.ap-northeast-2.amazonaws.com/profile/18/canvas/shoe/1696491117273219182.JPG','https://aicanvas-mw.s3.ap-northeast-2.amazonaws.com/profile/18/sketch/%EC%98%A4%ED%9B%84%204%3A31%3A55.jpg',18,9),(277,NULL,'https://aicanvas-mw.s3.ap-northeast-2.amazonaws.com/profile/20/sketch/%EC%98%A4%ED%9B%84%204%3A32%3A10.jpg',20,9),(278,'https://aicanvas-mw.s3.ap-northeast-2.amazonaws.com/profile/20/canvas/shoe/1696491161640680732.JPG','https://aicanvas-mw.s3.ap-northeast-2.amazonaws.com/profile/20/sketch/%EC%98%A4%ED%9B%84%204%3A32%3A55.jpg',20,9),(279,'https://aicanvas-mw.s3.ap-northeast-2.amazonaws.com/profile/20/canvas/shoe/1696491199070118323.JPG','https://aicanvas-mw.s3.ap-northeast-2.amazonaws.com/profile/20/sketch/%EC%98%A4%ED%9B%84%204%3A33%3A24.jpg',20,9),(280,'https://aicanvas-mw.s3.ap-northeast-2.amazonaws.com/profile/18/canvas/shoe/1696491224629858359.JPG','https://aicanvas-mw.s3.ap-northeast-2.amazonaws.com/profile/18/sketch/%EC%98%A4%ED%9B%84%204%3A33%3A43.jpg',18,9),(281,NULL,'https://aicanvas-mw.s3.ap-northeast-2.amazonaws.com/profile/20/sketch/%EC%98%A4%ED%9B%84%204%3A33%3A50.jpg',20,9),(282,'https://aicanvas-mw.s3.ap-northeast-2.amazonaws.com/profile/20/canvas/shoe/1696491258340088730.JPG','https://aicanvas-mw.s3.ap-northeast-2.amazonaws.com/profile/20/sketch/%EC%98%A4%ED%9B%84%204%3A34%3A27.jpg',20,9),(283,'https://aicanvas-mw.s3.ap-northeast-2.amazonaws.com/profile/20/canvas/handbag/1696491314781498730.JPG','https://aicanvas-mw.s3.ap-northeast-2.amazonaws.com/profile/20/sketch/%EC%98%A4%ED%9B%84%204%3A35%3A20.jpg',20,8),(284,'https://aicanvas-mw.s3.ap-northeast-2.amazonaws.com/profile/18/canvas/shoe/1696491336988464064.JPG','https://aicanvas-mw.s3.ap-northeast-2.amazonaws.com/profile/18/sketch/%EC%98%A4%ED%9B%84%204%3A35%3A35.jpg',18,9),(285,'https://aicanvas-mw.s3.ap-northeast-2.amazonaws.com/profile/18/canvas/shoe/1696491433405656018.JPG','https://aicanvas-mw.s3.ap-northeast-2.amazonaws.com/profile/18/sketch/%EC%98%A4%ED%9B%84%204%3A37%3A11.jpg',18,9),(286,NULL,'https://aicanvas-mw.s3.ap-northeast-2.amazonaws.com/profile/20/sketch/%EC%98%A4%ED%9B%84%204%3A38%3A38.jpg',20,9),(287,'https://aicanvas-mw.s3.ap-northeast-2.amazonaws.com/profile/18/canvas/person/1696491574808208283.JPG','https://aicanvas-mw.s3.ap-northeast-2.amazonaws.com/profile/18/sketch/%EC%98%A4%ED%9B%84%204%3A39%3A33.jpg',18,7),(288,NULL,'https://aicanvas-mw.s3.ap-northeast-2.amazonaws.com/profile/20/sketch/%EC%98%A4%ED%9B%84%204%3A40%3A04.jpg',20,9),(289,'https://aicanvas-mw.s3.ap-northeast-2.amazonaws.com/profile/18/canvas/person/1696491680015243450.JPG','https://aicanvas-mw.s3.ap-northeast-2.amazonaws.com/profile/18/sketch/%EC%98%A4%ED%9B%84%204%3A41%3A18.jpg',18,7),(290,NULL,'https://aicanvas-mw.s3.ap-northeast-2.amazonaws.com/profile/20/sketch/%EC%98%A4%ED%9B%84%204%3A41%3A57.jpg',20,9),(291,'https://aicanvas-mw.s3.ap-northeast-2.amazonaws.com/profile/18/canvas/person/1696491796479747485.JPG','https://aicanvas-mw.s3.ap-northeast-2.amazonaws.com/profile/18/sketch/%EC%98%A4%ED%9B%84%204%3A43%3A14.jpg',18,7),(292,'https://aicanvas-mw.s3.ap-northeast-2.amazonaws.com/profile/18/canvas/person/1696491867193498318.JPG','https://aicanvas-mw.s3.ap-northeast-2.amazonaws.com/profile/18/sketch/%EC%98%A4%ED%9B%84%204%3A44%3A25.jpg',18,7),(293,'https://aicanvas-mw.s3.ap-northeast-2.amazonaws.com/profile/18/canvas/person/1696492014417925863.JPG','https://aicanvas-mw.s3.ap-northeast-2.amazonaws.com/profile/18/sketch/%EC%98%A4%ED%9B%84%204%3A46%3A52.jpg',18,7),(294,'https://aicanvas-mw.s3.ap-northeast-2.amazonaws.com/profile/18/canvas/person/1696492068652797539.JPG','https://aicanvas-mw.s3.ap-northeast-2.amazonaws.com/profile/18/sketch/%EC%98%A4%ED%9B%84%204%3A47%3A47.jpg',18,7),(295,'https://aicanvas-mw.s3.ap-northeast-2.amazonaws.com/profile/18/canvas/person/1696492184693591616.JPG','https://aicanvas-mw.s3.ap-northeast-2.amazonaws.com/profile/18/sketch/%EC%98%A4%ED%9B%84%204%3A49%3A43.jpg',18,7),(296,'https://aicanvas-mw.s3.ap-northeast-2.amazonaws.com/profile/20/canvas/shoe/1696492255774416295.JPG','https://aicanvas-mw.s3.ap-northeast-2.amazonaws.com/profile/20/sketch/%EC%98%A4%ED%9B%84%204%3A50%3A55.jpg',20,9),(297,'https://aicanvas-mw.s3.ap-northeast-2.amazonaws.com/profile/18/canvas/panda/1696492345526360979.JPG','https://aicanvas-mw.s3.ap-northeast-2.amazonaws.com/profile/18/sketch/%EC%98%A4%ED%9B%84%204%3A52%3A24.jpg',18,6),(298,'https://aicanvas-mw.s3.ap-northeast-2.amazonaws.com/profile/18/canvas/panda/1696492422336948110.JPG','https://aicanvas-mw.s3.ap-northeast-2.amazonaws.com/profile/18/sketch/%EC%98%A4%ED%9B%84%204%3A53%3A40.jpg',18,6),(299,'https://aicanvas-mw.s3.ap-northeast-2.amazonaws.com/profile/18/canvas/handbag/1696492554577474694.JPG','https://aicanvas-mw.s3.ap-northeast-2.amazonaws.com/profile/18/sketch/%EC%98%A4%ED%9B%84%204%3A55%3A53.jpg',18,8),(300,'https://aicanvas-mw.s3.ap-northeast-2.amazonaws.com/profile/18/canvas/maple_character/1696493124231560784.JPG','https://aicanvas-mw.s3.ap-northeast-2.amazonaws.com/profile/18/sketch/%EC%98%A4%ED%9B%84%205%3A05%3A22.jpg',18,10),(301,'https://aicanvas-mw.s3.ap-northeast-2.amazonaws.com/profile/18/canvas/maple_character/1696493305556213951.JPG','https://aicanvas-mw.s3.ap-northeast-2.amazonaws.com/profile/18/sketch/%EC%98%A4%ED%9B%84%205%3A08%3A24.jpg',18,10),(302,NULL,'https://aicanvas-mw.s3.ap-northeast-2.amazonaws.com/profile/18/sketch/%EC%98%A4%ED%9B%84%205%3A12%3A47.jpg',18,10),(303,'https://aicanvas-mw.s3.ap-northeast-2.amazonaws.com/profile/18/canvas/maple_character/1696493604379339198.JPG','https://aicanvas-mw.s3.ap-northeast-2.amazonaws.com/profile/18/sketch/%EC%98%A4%ED%9B%84%205%3A12%3A42.jpg',18,10),(304,NULL,'https://aicanvas-mw.s3.ap-northeast-2.amazonaws.com/profile/18/sketch/%EC%98%A4%ED%9B%84%205%3A12%3A53.jpg',18,10),(305,NULL,'https://aicanvas-mw.s3.ap-northeast-2.amazonaws.com/profile/18/sketch/%EC%98%A4%ED%9B%84%205%3A13%3A07.jpg',18,10),(306,NULL,'https://aicanvas-mw.s3.ap-northeast-2.amazonaws.com/profile/18/sketch/%EC%98%A4%ED%9B%84%205%3A13%3A00.jpg',18,10),(307,'https://aicanvas-mw.s3.ap-northeast-2.amazonaws.com/profile/18/canvas/gemstone/1696493709403630576.JPG','https://aicanvas-mw.s3.ap-northeast-2.amazonaws.com/profile/18/sketch/%EC%98%A4%ED%9B%84%205%3A15%3A07.jpg',18,11),(308,'https://aicanvas-mw.s3.ap-northeast-2.amazonaws.com/profile/18/canvas/gemstone/1696493817095385310.JPG','https://aicanvas-mw.s3.ap-northeast-2.amazonaws.com/profile/18/sketch/%EC%98%A4%ED%9B%84%205%3A16%3A55.jpg',18,11),(309,'https://aicanvas-mw.s3.ap-northeast-2.amazonaws.com/profile/18/canvas/gemstone/1696493890277962746.JPG','https://aicanvas-mw.s3.ap-northeast-2.amazonaws.com/profile/18/sketch/%EC%98%A4%ED%9B%84%205%3A18%3A08.jpg',18,11),(310,'https://aicanvas-mw.s3.ap-northeast-2.amazonaws.com/profile/18/canvas/gemstone/1696494121928340639.JPG','https://aicanvas-mw.s3.ap-northeast-2.amazonaws.com/profile/18/sketch/%EC%98%A4%ED%9B%84%205%3A21%3A59.jpg',18,11),(311,'https://aicanvas-mw.s3.ap-northeast-2.amazonaws.com/profile/18/canvas/space/1696494169455933986.JPG','https://aicanvas-mw.s3.ap-northeast-2.amazonaws.com/profile/18/sketch/%EC%98%A4%ED%9B%84%205%3A22%3A47.jpg',18,12),(312,'https://aicanvas-mw.s3.ap-northeast-2.amazonaws.com/profile/18/canvas/space/1696494184320079957.JPG','https://aicanvas-mw.s3.ap-northeast-2.amazonaws.com/profile/18/sketch/%EC%98%A4%ED%9B%84%205%3A23%3A02.jpg',18,12),(313,'https://aicanvas-mw.s3.ap-northeast-2.amazonaws.com/profile/18/canvas/space/1696494200404867790.JPG','https://aicanvas-mw.s3.ap-northeast-2.amazonaws.com/profile/18/sketch/%EC%98%A4%ED%9B%84%205%3A23%3A18.jpg',18,12),(314,'https://aicanvas-mw.s3.ap-northeast-2.amazonaws.com/profile/18/canvas/space/1696494237188108837.JPG','https://aicanvas-mw.s3.ap-northeast-2.amazonaws.com/profile/18/sketch/%EC%98%A4%ED%9B%84%205%3A23%3A55.jpg',18,12),(315,'https://aicanvas-mw.s3.ap-northeast-2.amazonaws.com/profile/18/canvas/space/1696494360399055427.JPG','https://aicanvas-mw.s3.ap-northeast-2.amazonaws.com/profile/18/sketch/%EC%98%A4%ED%9B%84%205%3A25%3A58.jpg',18,12),(316,'https://aicanvas-mw.s3.ap-northeast-2.amazonaws.com/profile/18/canvas/space/1696494389930182252.JPG','https://aicanvas-mw.s3.ap-northeast-2.amazonaws.com/profile/18/sketch/%EC%98%A4%ED%9B%84%205%3A26%3A28.jpg',18,12),(317,'https://aicanvas-mw.s3.ap-northeast-2.amazonaws.com/profile/18/canvas/space/1696494415044817979.JPG','https://aicanvas-mw.s3.ap-northeast-2.amazonaws.com/profile/18/sketch/%EC%98%A4%ED%9B%84%205%3A26%3A53.jpg',18,12),(318,'https://aicanvas-mw.s3.ap-northeast-2.amazonaws.com/profile/5/canvas/panda/1696495337308805625.JPG','https://aicanvas-mw.s3.ap-northeast-2.amazonaws.com/profile/5/sketch/%EC%98%A4%ED%9B%84%205%3A42%3A17.jpg',5,6),(319,'https://aicanvas-mw.s3.ap-northeast-2.amazonaws.com/profile/5/canvas/panda/1696495379346012970.JPG','https://aicanvas-mw.s3.ap-northeast-2.amazonaws.com/profile/5/sketch/%EC%98%A4%ED%9B%84%205%3A42%3A59.jpg',5,6),(322,NULL,'https://aicanvas-mw.s3.ap-northeast-2.amazonaws.com/profile/24/sketch/%EC%98%A4%ED%9B%84%206%3A41%3A27.jpg',24,8),(324,NULL,'https://aicanvas-mw.s3.ap-northeast-2.amazonaws.com/profile/21/sketch/%EC%98%A4%ED%9B%84%208%3A53%3A12.jpg',21,7),(325,'https://aicanvas-mw.s3.ap-northeast-2.amazonaws.com/profile/21/canvas/person/1696506856347726580.JPG','https://aicanvas-mw.s3.ap-northeast-2.amazonaws.com/profile/21/sketch/%EC%98%A4%ED%9B%84%208%3A54%3A17.jpg',21,7),(326,NULL,'https://aicanvas-mw.s3.ap-northeast-2.amazonaws.com/profile/21/sketch/%EC%98%A4%ED%9B%84%208%3A56%3A36.jpg',21,11),(327,'https://aicanvas-mw.s3.ap-northeast-2.amazonaws.com/profile/21/canvas/gemstone/1696507049280642693.JPG','https://aicanvas-mw.s3.ap-northeast-2.amazonaws.com/profile/21/sketch/%EC%98%A4%ED%9B%84%208%3A57%3A30.jpg',21,11),(328,'https://aicanvas-mw.s3.ap-northeast-2.amazonaws.com/profile/21/canvas/maple_character/1696507245990683271.JPG','https://aicanvas-mw.s3.ap-northeast-2.amazonaws.com/profile/21/sketch/%EC%98%A4%ED%9B%84%209%3A00%3A34.jpg',21,10),(329,'https://aicanvas-mw.s3.ap-northeast-2.amazonaws.com/profile/21/canvas/maple_character/1696507275995429470.JPG','https://aicanvas-mw.s3.ap-northeast-2.amazonaws.com/profile/21/sketch/%EC%98%A4%ED%9B%84%209%3A01%3A17.jpg',21,10),(330,'https://aicanvas-mw.s3.ap-northeast-2.amazonaws.com/profile/21/canvas/car/1696507463901068002.JPG','https://aicanvas-mw.s3.ap-northeast-2.amazonaws.com/profile/21/sketch/%EC%98%A4%ED%9B%84%209%3A04%3A25.jpg',21,5),(338,'https://aicanvas-mw.s3.ap-northeast-2.amazonaws.com/profile/20/canvas/handbag/1696510446920882058.JPG','https://aicanvas-mw.s3.ap-northeast-2.amazonaws.com/profile/20/sketch/%EC%98%A4%ED%9B%84%209%3A54%3A06.jpg',20,8),(339,'https://aicanvas-mw.s3.ap-northeast-2.amazonaws.com/profile/20/canvas/panda/1696510468054671141.JPG','https://aicanvas-mw.s3.ap-northeast-2.amazonaws.com/profile/20/sketch/%EC%98%A4%ED%9B%84%209%3A54%3A27.jpg',20,6),(340,'https://aicanvas-mw.s3.ap-northeast-2.amazonaws.com/profile/20/canvas/maple_character/1696510588325663586.JPG','https://aicanvas-mw.s3.ap-northeast-2.amazonaws.com/profile/20/sketch/%EC%98%A4%ED%9B%84%209%3A56%3A28.jpg',20,10),(341,'https://aicanvas-mw.s3.ap-northeast-2.amazonaws.com/profile/20/canvas/shoe/1696511519668164228.JPG','https://aicanvas-mw.s3.ap-northeast-2.amazonaws.com/profile/20/sketch/%EC%98%A4%ED%9B%84%2010%3A11%3A59.jpg',20,9),(342,'https://aicanvas-mw.s3.ap-northeast-2.amazonaws.com/profile/20/canvas/panda/1696511566079059611.JPG','https://aicanvas-mw.s3.ap-northeast-2.amazonaws.com/profile/20/sketch/%EC%98%A4%ED%9B%84%2010%3A12%3A45.jpg',20,6),(343,NULL,'https://aicanvas-mw.s3.ap-northeast-2.amazonaws.com/profile/20/sketch/%EC%98%A4%ED%9B%84%2010%3A14%3A29.jpg',20,5),(344,'https://aicanvas-mw.s3.ap-northeast-2.amazonaws.com/profile/20/canvas/shoe/1696511727930699187.JPG','https://aicanvas-mw.s3.ap-northeast-2.amazonaws.com/profile/20/sketch/%EC%98%A4%ED%9B%84%2010%3A15%3A27.jpg',20,9),(347,NULL,'https://aicanvas-mw.s3.ap-northeast-2.amazonaws.com/profile/20/sketch/%EC%98%A4%ED%9B%84%2010%3A17%3A19.jpg',20,9),(349,'https://aicanvas-mw.s3.ap-northeast-2.amazonaws.com/profile/20/canvas/car/1696511886563644421.JPG','https://aicanvas-mw.s3.ap-northeast-2.amazonaws.com/profile/20/sketch/%EC%98%A4%ED%9B%84%2010%3A18%3A06.jpg',20,5),(350,'https://aicanvas-mw.s3.ap-northeast-2.amazonaws.com/profile/20/canvas/car/1696511999645479468.JPG','https://aicanvas-mw.s3.ap-northeast-2.amazonaws.com/profile/20/sketch/%EC%98%A4%ED%9B%84%2010%3A19%3A59.jpg',20,5),(351,'https://aicanvas-mw.s3.ap-northeast-2.amazonaws.com/profile/20/canvas/shoe/1696512016917006893.JPG','https://aicanvas-mw.s3.ap-northeast-2.amazonaws.com/profile/20/sketch/%EC%98%A4%ED%9B%84%2010%3A20%3A16.jpg',20,9),(353,'https://aicanvas-mw.s3.ap-northeast-2.amazonaws.com/profile/20/canvas/shoe/1696512092559852428.JPG','https://aicanvas-mw.s3.ap-northeast-2.amazonaws.com/profile/20/sketch/%EC%98%A4%ED%9B%84%2010%3A21%3A32.jpg',20,9),(357,NULL,'https://aicanvas-mw.s3.ap-northeast-2.amazonaws.com/profile/20/sketch/%EC%98%A4%ED%9B%84%2010%3A27%3A50.jpg',20,5),(358,NULL,'https://aicanvas-mw.s3.ap-northeast-2.amazonaws.com/profile/20/sketch/%EC%98%A4%ED%9B%84%2010%3A29%3A25.jpg',20,9),(361,'https://aicanvas-mw.s3.ap-northeast-2.amazonaws.com/profile/20/canvas/shoe/1696513762494876104.JPG','https://aicanvas-mw.s3.ap-northeast-2.amazonaws.com/profile/20/sketch/%EC%98%A4%ED%9B%84%2010%3A49%3A22.jpg',20,9),(362,NULL,'https://aicanvas-mw.s3.ap-northeast-2.amazonaws.com/profile/20/sketch/%EC%98%A4%ED%9B%84%2010%3A50%3A20.jpg',20,9),(363,NULL,'https://aicanvas-mw.s3.ap-northeast-2.amazonaws.com/profile/20/sketch/%EC%98%A4%ED%9B%84%2010%3A55%3A28.jpg',20,9),(364,'https://aicanvas-mw.s3.ap-northeast-2.amazonaws.com/profile/20/canvas/shoe/1696514714239464788.JPG','https://aicanvas-mw.s3.ap-northeast-2.amazonaws.com/profile/20/sketch/%EC%98%A4%ED%9B%84%2011%3A00%3A45.jpg',20,9),(365,NULL,'https://aicanvas-mw.s3.ap-northeast-2.amazonaws.com/profile/20/sketch/%EC%98%A4%ED%9B%84%2011%3A01%3A13.jpg',20,9),(366,NULL,'https://aicanvas-mw.s3.ap-northeast-2.amazonaws.com/profile/20/sketch/%EC%98%A4%ED%9B%84%2011%3A01%3A46.jpg',20,9),(367,NULL,'https://aicanvas-mw.s3.ap-northeast-2.amazonaws.com/profile/20/sketch/%EC%98%A4%ED%9B%84%2011%3A02%3A10.jpg',20,9),(368,NULL,'https://aicanvas-mw.s3.ap-northeast-2.amazonaws.com/profile/20/sketch/%EC%98%A4%ED%9B%84%2011%3A03%3A06.jpg',20,9),(369,NULL,'https://aicanvas-mw.s3.ap-northeast-2.amazonaws.com/profile/20/sketch/%EC%98%A4%ED%9B%84%2011%3A03%3A07.jpg',20,9),(370,NULL,'https://aicanvas-mw.s3.ap-northeast-2.amazonaws.com/profile/20/sketch/%EC%98%A4%ED%9B%84%2011%3A03%3A07.jpg',20,9),(371,NULL,'https://aicanvas-mw.s3.ap-northeast-2.amazonaws.com/profile/20/sketch/%EC%98%A4%ED%9B%84%2011%3A03%3A07.jpg',20,9),(372,NULL,'https://aicanvas-mw.s3.ap-northeast-2.amazonaws.com/profile/20/sketch/%EC%98%A4%ED%9B%84%2011%3A03%3A52.jpg',20,9),(373,'https://aicanvas-mw.s3.ap-northeast-2.amazonaws.com/profile/20/canvas/shoe/1696514970615150667.JPG','https://aicanvas-mw.s3.ap-northeast-2.amazonaws.com/profile/20/sketch/%EC%98%A4%ED%9B%84%2011%3A09%3A30.jpg',20,9),(374,'https://aicanvas-mw.s3.ap-northeast-2.amazonaws.com/profile/20/canvas/shoe/1696514995548431166.JPG','https://aicanvas-mw.s3.ap-northeast-2.amazonaws.com/profile/20/sketch/%EC%98%A4%ED%9B%84%2011%3A09%3A55.jpg',20,9),(375,'https://aicanvas-mw.s3.ap-northeast-2.amazonaws.com/profile/20/canvas/shoe/1696515006096258200.JPG','https://aicanvas-mw.s3.ap-northeast-2.amazonaws.com/profile/20/sketch/%EC%98%A4%ED%9B%84%2011%3A10%3A05.jpg',20,9),(376,'https://aicanvas-mw.s3.ap-northeast-2.amazonaws.com/profile/20/canvas/shoe/1696515032651049664.JPG','https://aicanvas-mw.s3.ap-northeast-2.amazonaws.com/profile/20/sketch/%EC%98%A4%ED%9B%84%2011%3A10%3A36.jpg',20,9),(377,'https://aicanvas-mw.s3.ap-northeast-2.amazonaws.com/profile/20/canvas/shoe/1696515066633639282.JPG','https://aicanvas-mw.s3.ap-northeast-2.amazonaws.com/profile/20/sketch/%EC%98%A4%ED%9B%84%2011%3A11%3A05.jpg',20,9),(378,'https://aicanvas-mw.s3.ap-northeast-2.amazonaws.com/profile/20/canvas/shoe/1696515107741781541.JPG','https://aicanvas-mw.s3.ap-northeast-2.amazonaws.com/profile/20/sketch/%EC%98%A4%ED%9B%84%2011%3A11%3A47.jpg',20,9),(379,'https://aicanvas-mw.s3.ap-northeast-2.amazonaws.com/profile/20/canvas/handbag/1696515139188933352.JPG','https://aicanvas-mw.s3.ap-northeast-2.amazonaws.com/profile/20/sketch/%EC%98%A4%ED%9B%84%2011%3A12%3A16.jpg',20,8),(380,'https://aicanvas-mw.s3.ap-northeast-2.amazonaws.com/profile/20/canvas/shoe/1696515244361409343.JPG','https://aicanvas-mw.s3.ap-northeast-2.amazonaws.com/profile/20/sketch/%EC%98%A4%ED%9B%84%2011%3A14%3A04.jpg',20,9),(381,'https://aicanvas-mw.s3.ap-northeast-2.amazonaws.com/profile/20/canvas/handbag/1696515257746242674.JPG','https://aicanvas-mw.s3.ap-northeast-2.amazonaws.com/profile/20/sketch/%EC%98%A4%ED%9B%84%2011%3A14%3A17.jpg',20,8),(382,'https://aicanvas-mw.s3.ap-northeast-2.amazonaws.com/profile/20/canvas/handbag/1696515264973828503.JPG','https://aicanvas-mw.s3.ap-northeast-2.amazonaws.com/profile/20/sketch/%EC%98%A4%ED%9B%84%2011%3A14%3A24.jpg',20,8),(383,'https://aicanvas-mw.s3.ap-northeast-2.amazonaws.com/profile/20/canvas/shoe/1696515272614150080.JPG','https://aicanvas-mw.s3.ap-northeast-2.amazonaws.com/profile/20/sketch/%EC%98%A4%ED%9B%84%2011%3A14%3A32.jpg',20,9),(384,'https://aicanvas-mw.s3.ap-northeast-2.amazonaws.com/profile/20/canvas/maple_character/1696515305751865995.JPG','https://aicanvas-mw.s3.ap-northeast-2.amazonaws.com/profile/20/sketch/%EC%98%A4%ED%9B%84%2011%3A15%3A05.jpg',20,10),(385,'https://aicanvas-mw.s3.ap-northeast-2.amazonaws.com/profile/20/canvas/shoe/1696515409712377999.JPG','https://aicanvas-mw.s3.ap-northeast-2.amazonaws.com/profile/20/sketch/%EC%98%A4%ED%9B%84%2011%3A16%3A49.jpg',20,9),(387,'https://aicanvas-mw.s3.ap-northeast-2.amazonaws.com/profile/20/canvas/shoe/1696516526352703838.JPG','https://aicanvas-mw.s3.ap-northeast-2.amazonaws.com/profile/20/sketch/%EC%98%A4%ED%9B%84%2011%3A35%3A26.jpg',20,9),(388,'https://aicanvas-mw.s3.ap-northeast-2.amazonaws.com/profile/20/canvas/car/1696519478531190657.JPG','https://aicanvas-mw.s3.ap-northeast-2.amazonaws.com/profile/20/sketch/%EC%98%A4%EC%A0%84%2012%3A24%3A38.jpg',20,5),(389,'https://aicanvas-mw.s3.ap-northeast-2.amazonaws.com/profile/20/canvas/handbag/1696519619150403990.JPG','https://aicanvas-mw.s3.ap-northeast-2.amazonaws.com/profile/20/sketch/%EC%98%A4%EC%A0%84%2012%3A26%3A58.jpg',20,8),(390,'https://aicanvas-mw.s3.ap-northeast-2.amazonaws.com/profile/20/canvas/handbag/1696519694549845011.JPG','https://aicanvas-mw.s3.ap-northeast-2.amazonaws.com/profile/20/sketch/%EC%98%A4%EC%A0%84%2012%3A28%3A14.jpg',20,8),(392,'https://aicanvas-mw.s3.ap-northeast-2.amazonaws.com/profile/12/canvas/gemstone/1696520606244495135.JPG','https://aicanvas-mw.s3.ap-northeast-2.amazonaws.com/profile/12/sketch/%EC%98%A4%EC%A0%84%2012%3A43%3A26.jpg',12,11),(393,'https://aicanvas-mw.s3.ap-northeast-2.amazonaws.com/profile/20/canvas/car/1696522863558010656.JPG','https://aicanvas-mw.s3.ap-northeast-2.amazonaws.com/profile/20/sketch/%EC%98%A4%EC%A0%84%201%3A21%3A03.jpg',20,5),(394,'https://aicanvas-mw.s3.ap-northeast-2.amazonaws.com/profile/12/canvas/car/1696523409273952486.JPG','https://aicanvas-mw.s3.ap-northeast-2.amazonaws.com/profile/12/sketch/%EC%98%A4%EC%A0%84%201%3A30%3A08.jpg',12,5),(395,'https://aicanvas-mw.s3.ap-northeast-2.amazonaws.com/profile/20/canvas/maple_character/1696523553864738636.JPG','https://aicanvas-mw.s3.ap-northeast-2.amazonaws.com/profile/20/sketch/%EC%98%A4%EC%A0%84%201%3A32%3A33.jpg',20,10),(397,'https://aicanvas-mw.s3.ap-northeast-2.amazonaws.com/profile/12/canvas/panda/1696523608878015980.JPG','https://aicanvas-mw.s3.ap-northeast-2.amazonaws.com/profile/12/sketch/%EC%98%A4%EC%A0%84%201%3A33%3A28.jpg',12,6),(398,'https://aicanvas-mw.s3.ap-northeast-2.amazonaws.com/profile/26/canvas/handbag/1696523597413504537.JPG','https://aicanvas-mw.s3.ap-northeast-2.amazonaws.com/profile/26/sketch/%EC%98%A4%EC%A0%84%201%3A33%3A17.jpg',26,8),(400,'https://aicanvas-mw.s3.ap-northeast-2.amazonaws.com/profile/12/canvas/maple_character/1696523904841194681.JPG','https://aicanvas-mw.s3.ap-northeast-2.amazonaws.com/profile/12/sketch/%EC%98%A4%EC%A0%84%201%3A38%3A24.jpg',12,10),(401,'https://aicanvas-mw.s3.ap-northeast-2.amazonaws.com/profile/12/canvas/car/1696523982617982281.JPG','https://aicanvas-mw.s3.ap-northeast-2.amazonaws.com/profile/12/sketch/%EC%98%A4%EC%A0%84%201%3A39%3A42.jpg',12,5),(402,'https://aicanvas-mw.s3.ap-northeast-2.amazonaws.com/profile/20/canvas/shoe/1696530542299910969.JPG','https://aicanvas-mw.s3.ap-northeast-2.amazonaws.com/profile/20/sketch/%EC%98%A4%EC%A0%84%203%3A29%3A01.jpg',20,9),(403,'https://aicanvas-mw.s3.ap-northeast-2.amazonaws.com/profile/26/canvas/handbag/1696530564751966826.JPG','https://aicanvas-mw.s3.ap-northeast-2.amazonaws.com/profile/26/sketch/%EC%98%A4%EC%A0%84%203%3A29%3A23.jpg',26,8),(404,'https://aicanvas-mw.s3.ap-northeast-2.amazonaws.com/profile/27/canvas/shoe/1696531028956946392.JPG','https://aicanvas-mw.s3.ap-northeast-2.amazonaws.com/profile/27/sketch/%EC%98%A4%EC%A0%84%203%3A37%3A08.jpg',27,9),(405,NULL,'https://aicanvas-mw.s3.ap-northeast-2.amazonaws.com/profile/27/sketch/%EC%98%A4%EC%A0%84%203%3A37%3A26.jpg',27,8),(406,'https://aicanvas-mw.s3.ap-northeast-2.amazonaws.com/profile/27/canvas/handbag/1696531122953737288.JPG','https://aicanvas-mw.s3.ap-northeast-2.amazonaws.com/profile/27/sketch/%EC%98%A4%EC%A0%84%203%3A38%3A42.jpg',27,8),(407,NULL,'https://aicanvas-mw.s3.ap-northeast-2.amazonaws.com/profile/26/sketch/%EC%98%A4%EC%A0%84%203%3A39%3A29.jpg',26,8),(409,'https://aicanvas-mw.s3.ap-northeast-2.amazonaws.com/profile/26/canvas/handbag/1696531260209823839.JPG','https://aicanvas-mw.s3.ap-northeast-2.amazonaws.com/profile/26/sketch/%EC%98%A4%EC%A0%84%203%3A41%3A00.jpg',26,8),(414,'https://aicanvas-mw.s3.ap-northeast-2.amazonaws.com/profile/27/canvas/shoe/1696532511973685689.JPG','https://aicanvas-mw.s3.ap-northeast-2.amazonaws.com/profile/27/sketch/%EC%98%A4%EC%A0%84%204%3A01%3A51.jpg',27,9),(416,'https://aicanvas-mw.s3.ap-northeast-2.amazonaws.com/profile/27/canvas/shoe/1696532574377239343.JPG','https://aicanvas-mw.s3.ap-northeast-2.amazonaws.com/profile/27/sketch/%EC%98%A4%EC%A0%84%204%3A02%3A53.jpg',27,9),(418,'https://aicanvas-mw.s3.ap-northeast-2.amazonaws.com/profile/27/canvas/panda/1696532661605771711.JPG','https://aicanvas-mw.s3.ap-northeast-2.amazonaws.com/profile/27/sketch/%EC%98%A4%EC%A0%84%204%3A04%3A29.jpg',27,6),(419,'https://aicanvas-mw.s3.ap-northeast-2.amazonaws.com/profile/20/canvas/shoe/1696533330140866904.JPG','https://aicanvas-mw.s3.ap-northeast-2.amazonaws.com/profile/20/sketch/%EC%98%A4%EC%A0%84%204%3A15%3A30.jpg',20,9),(424,'https://aicanvas-mw.s3.ap-northeast-2.amazonaws.com/profile/20/canvas/shoe/1696550965585239450.JPG','https://aicanvas-mw.s3.ap-northeast-2.amazonaws.com/profile/20/sketch/%EC%98%A4%EC%A0%84%209%3A09%3A29.jpg',20,9),(425,'https://aicanvas-mw.s3.ap-northeast-2.amazonaws.com/profile/20/canvas/handbag/1696550996901281966.JPG','https://aicanvas-mw.s3.ap-northeast-2.amazonaws.com/profile/20/sketch/%EC%98%A4%EC%A0%84%209%3A10%3A00.jpg',20,8),(426,'https://aicanvas-mw.s3.ap-northeast-2.amazonaws.com/profile/26/canvas/shoe/1696551004975681523.JPG','https://aicanvas-mw.s3.ap-northeast-2.amazonaws.com/profile/26/sketch/%EC%98%A4%EC%A0%84%209%3A10%3A09.jpg',26,9),(427,'https://aicanvas-mw.s3.ap-northeast-2.amazonaws.com/profile/26/canvas/shoe/1696551049076605597.JPG','https://aicanvas-mw.s3.ap-northeast-2.amazonaws.com/profile/26/sketch/%EC%98%A4%EC%A0%84%209%3A10%3A54.jpg',26,9),(428,NULL,'https://aicanvas-mw.s3.ap-northeast-2.amazonaws.com/profile/20/sketch/%EC%98%A4%EC%A0%84%209%3A10%3A46.jpg',20,9),(429,'https://aicanvas-mw.s3.ap-northeast-2.amazonaws.com/profile/20/canvas/handbag/1696551570361230388.JPG','https://aicanvas-mw.s3.ap-northeast-2.amazonaws.com/profile/20/sketch/%EC%98%A4%EC%A0%84%209%3A11%3A10.jpg',20,8),(430,NULL,'https://aicanvas-mw.s3.ap-northeast-2.amazonaws.com/profile/21/sketch/%EC%98%A4%EC%A0%84%209%3A11%3A31.jpg',21,8),(431,'https://aicanvas-mw.s3.ap-northeast-2.amazonaws.com/profile/21/canvas/shoe/1696551125742432986.JPG','https://aicanvas-mw.s3.ap-northeast-2.amazonaws.com/profile/21/sketch/%EC%98%A4%EC%A0%84%209%3A12%3A05.jpg',21,9),(432,NULL,'https://aicanvas-mw.s3.ap-northeast-2.amazonaws.com/profile/21/sketch/%EC%98%A4%EC%A0%84%209%3A12%3A50.jpg',21,9),(433,'https://aicanvas-mw.s3.ap-northeast-2.amazonaws.com/profile/21/canvas/handbag/1696551207831979907.JPG','https://aicanvas-mw.s3.ap-northeast-2.amazonaws.com/profile/21/sketch/%EC%98%A4%EC%A0%84%209%3A13%3A27.jpg',21,8),(434,NULL,'https://aicanvas-mw.s3.ap-northeast-2.amazonaws.com/profile/20/sketch/%EC%98%A4%EC%A0%84%209%3A15%3A15.jpg',20,8),(435,'https://aicanvas-mw.s3.ap-northeast-2.amazonaws.com/profile/20/canvas/handbag/1696551337844611160.JPG','https://aicanvas-mw.s3.ap-northeast-2.amazonaws.com/profile/20/sketch/%EC%98%A4%EC%A0%84%209%3A15%3A45.jpg',20,8),(436,'https://aicanvas-mw.s3.ap-northeast-2.amazonaws.com/profile/21/canvas/person/1696551364060266610.JPG','https://aicanvas-mw.s3.ap-northeast-2.amazonaws.com/profile/21/sketch/%EC%98%A4%EC%A0%84%209%3A16%3A13.jpg',21,7),(437,NULL,'https://aicanvas-mw.s3.ap-northeast-2.amazonaws.com/profile/20/sketch/%EC%98%A4%EC%A0%84%209%3A16%3A06.jpg',20,9),(438,'https://aicanvas-mw.s3.ap-northeast-2.amazonaws.com/profile/20/canvas/shoe/1696551388898010728.JPG','https://aicanvas-mw.s3.ap-northeast-2.amazonaws.com/profile/20/sketch/%EC%98%A4%EC%A0%84%209%3A16%3A35.jpg',20,9),(439,'https://aicanvas-mw.s3.ap-northeast-2.amazonaws.com/profile/21/canvas/handbag/1696551572079547919.JPG','https://aicanvas-mw.s3.ap-northeast-2.amazonaws.com/profile/21/sketch/%EC%98%A4%EC%A0%84%209%3A19%3A23.jpg',21,8),(440,NULL,'https://aicanvas-mw.s3.ap-northeast-2.amazonaws.com/profile/21/sketch/%EC%98%A4%EC%A0%84%209%3A21%3A20.jpg',21,11),(441,'https://aicanvas-mw.s3.ap-northeast-2.amazonaws.com/profile/21/canvas/maple_character/1696551714182952722.JPG','https://aicanvas-mw.s3.ap-northeast-2.amazonaws.com/profile/21/sketch/%EC%98%A4%EC%A0%84%209%3A21%3A57.jpg',21,10),(442,'https://aicanvas-mw.s3.ap-northeast-2.amazonaws.com/profile/28/canvas/shoe/1696552253386760085.JPG','https://aicanvas-mw.s3.ap-northeast-2.amazonaws.com/profile/28/sketch/%EC%98%A4%EC%A0%84%209%3A30%3A52.jpg',28,9),(443,'https://aicanvas-mw.s3.ap-northeast-2.amazonaws.com/profile/28/canvas/shoe/1696552343233826873.JPG','https://aicanvas-mw.s3.ap-northeast-2.amazonaws.com/profile/28/sketch/%EC%98%A4%EC%A0%84%209%3A32%3A22.jpg',28,9),(444,'https://aicanvas-mw.s3.ap-northeast-2.amazonaws.com/profile/26/canvas/handbag/1696552380634179888.JPG','https://aicanvas-mw.s3.ap-northeast-2.amazonaws.com/profile/26/sketch/%EC%98%A4%EC%A0%84%209%3A33%3A00.jpg',26,8),(445,'https://aicanvas-mw.s3.ap-northeast-2.amazonaws.com/profile/28/canvas/handbag/1696552411453333951.JPG','https://aicanvas-mw.s3.ap-northeast-2.amazonaws.com/profile/28/sketch/%EC%98%A4%EC%A0%84%209%3A33%3A30.jpg',28,8),(446,'https://aicanvas-mw.s3.ap-northeast-2.amazonaws.com/profile/28/canvas/handbag/1696552560752617527.JPG','https://aicanvas-mw.s3.ap-northeast-2.amazonaws.com/profile/28/sketch/%EC%98%A4%EC%A0%84%209%3A36%3A03.jpg',28,8),(447,'https://aicanvas-mw.s3.ap-northeast-2.amazonaws.com/profile/14/canvas/shoe/1696552657920201265.JPG','https://aicanvas-mw.s3.ap-northeast-2.amazonaws.com/profile/14/sketch/%EC%98%A4%EC%A0%84%209%3A37%3A37.jpg',14,9),(448,'https://aicanvas-mw.s3.ap-northeast-2.amazonaws.com/profile/26/canvas/handbag/1696552660549037948.JPG','https://aicanvas-mw.s3.ap-northeast-2.amazonaws.com/profile/26/sketch/%EC%98%A4%EC%A0%84%209%3A37%3A39.jpg',26,8),(449,'https://aicanvas-mw.s3.ap-northeast-2.amazonaws.com/profile/14/canvas/maple_character/1696552682573250929.JPG','https://aicanvas-mw.s3.ap-northeast-2.amazonaws.com/profile/14/sketch/%EC%98%A4%EC%A0%84%209%3A38%3A01.jpg',14,10),(450,'https://aicanvas-mw.s3.ap-northeast-2.amazonaws.com/profile/18/canvas/handbag/1696553671022780209.JPG','https://aicanvas-mw.s3.ap-northeast-2.amazonaws.com/profile/18/sketch/%EC%98%A4%EC%A0%84%209%3A54%3A28.jpg',18,8),(451,NULL,'https://aicanvas-mw.s3.ap-northeast-2.amazonaws.com/profile/20/sketch/%EC%98%A4%EC%A0%84%209%3A56%3A04.jpg',20,8),(452,'https://aicanvas-mw.s3.ap-northeast-2.amazonaws.com/profile/18/canvas/handbag/1696553776748029777.JPG','https://aicanvas-mw.s3.ap-northeast-2.amazonaws.com/profile/18/sketch/%EC%98%A4%EC%A0%84%209%3A56%3A17.jpg',18,8),(453,'https://aicanvas-mw.s3.ap-northeast-2.amazonaws.com/profile/26/canvas/handbag/1696553801871834181.JPG','https://aicanvas-mw.s3.ap-northeast-2.amazonaws.com/profile/26/sketch/%EC%98%A4%EC%A0%84%209%3A56%3A41.jpg',26,8),(454,'https://aicanvas-mw.s3.ap-northeast-2.amazonaws.com/profile/18/canvas/handbag/1696553857541511829.JPG','https://aicanvas-mw.s3.ap-northeast-2.amazonaws.com/profile/18/sketch/%EC%98%A4%EC%A0%84%209%3A57%3A35.jpg',18,8),(455,'https://aicanvas-mw.s3.ap-northeast-2.amazonaws.com/profile/26/canvas/handbag/1696554094790011975.JPG','https://aicanvas-mw.s3.ap-northeast-2.amazonaws.com/profile/26/sketch/%EC%98%A4%EC%A0%84%2010%3A00%3A25.jpg',26,8),(456,NULL,'https://aicanvas-mw.s3.ap-northeast-2.amazonaws.com/profile/21/sketch/%EC%98%A4%EC%A0%84%2010%3A00%3A41.jpg',21,8),(457,'https://aicanvas-mw.s3.ap-northeast-2.amazonaws.com/profile/21/canvas/handbag/1696554083209717237.JPG','https://aicanvas-mw.s3.ap-northeast-2.amazonaws.com/profile/21/sketch/%EC%98%A4%EC%A0%84%2010%3A01%3A41.jpg',21,8),(458,'https://aicanvas-mw.s3.ap-northeast-2.amazonaws.com/profile/26/canvas/handbag/1696554134238550127.JPG','https://aicanvas-mw.s3.ap-northeast-2.amazonaws.com/profile/26/sketch/%EC%98%A4%EC%A0%84%2010%3A02%3A13.jpg',26,8),(459,'https://aicanvas-mw.s3.ap-northeast-2.amazonaws.com/profile/21/canvas/handbag/1696554163311456536.JPG','https://aicanvas-mw.s3.ap-northeast-2.amazonaws.com/profile/21/sketch/%EC%98%A4%EC%A0%84%2010%3A02%3A42.jpg',21,8),(460,'https://aicanvas-mw.s3.ap-northeast-2.amazonaws.com/profile/26/canvas/handbag/1696554150563257292.JPG','https://aicanvas-mw.s3.ap-northeast-2.amazonaws.com/profile/26/sketch/%EC%98%A4%EC%A0%84%2010%3A02%3A30.jpg',26,8),(461,'https://aicanvas-mw.s3.ap-northeast-2.amazonaws.com/profile/26/canvas/handbag/1696554198405044345.JPG','https://aicanvas-mw.s3.ap-northeast-2.amazonaws.com/profile/26/sketch/%EC%98%A4%EC%A0%84%2010%3A03%3A18.jpg',26,8),(462,'https://aicanvas-mw.s3.ap-northeast-2.amazonaws.com/profile/20/canvas/handbag/1696554453078799466.JPG','https://aicanvas-mw.s3.ap-northeast-2.amazonaws.com/profile/20/sketch/%EC%98%A4%EC%A0%84%2010%3A05%3A27.jpg',20,8),(463,'https://aicanvas-mw.s3.ap-northeast-2.amazonaws.com/profile/21/canvas/panda/1696554471544593554.JPG','https://aicanvas-mw.s3.ap-northeast-2.amazonaws.com/profile/21/sketch/%EC%98%A4%EC%A0%84%2010%3A07%3A51.jpg',21,6),(464,'https://aicanvas-mw.s3.ap-northeast-2.amazonaws.com/profile/26/canvas/handbag/1696554614769047782.JPG','https://aicanvas-mw.s3.ap-northeast-2.amazonaws.com/profile/26/sketch/%EC%98%A4%EC%A0%84%2010%3A10%3A13.jpg',26,8),(465,'https://aicanvas-mw.s3.ap-northeast-2.amazonaws.com/profile/20/canvas/handbag/1696554856893061277.JPG','https://aicanvas-mw.s3.ap-northeast-2.amazonaws.com/profile/20/sketch/%EC%98%A4%EC%A0%84%2010%3A14%3A16.jpg',20,8),(466,'https://aicanvas-mw.s3.ap-northeast-2.amazonaws.com/profile/12/canvas/handbag/1696554939938162929.JPG','https://aicanvas-mw.s3.ap-northeast-2.amazonaws.com/profile/12/sketch/%EC%98%A4%EC%A0%84%2010%3A15%3A39.jpg',12,8),(467,'https://aicanvas-mw.s3.ap-northeast-2.amazonaws.com/profile/12/canvas/gemstone/1696555001800779119.JPG','https://aicanvas-mw.s3.ap-northeast-2.amazonaws.com/profile/12/sketch/%EC%98%A4%EC%A0%84%2010%3A16%3A41.jpg',12,11),(468,'https://aicanvas-mw.s3.ap-northeast-2.amazonaws.com/profile/12/canvas/panda/1696555121605567490.JPG','https://aicanvas-mw.s3.ap-northeast-2.amazonaws.com/profile/12/sketch/%EC%98%A4%EC%A0%84%2010%3A18%3A55.jpg',12,6),(469,'https://aicanvas-mw.s3.ap-northeast-2.amazonaws.com/profile/20/canvas/handbag/1696555169650433447.JPG','https://aicanvas-mw.s3.ap-northeast-2.amazonaws.com/profile/20/sketch/%EC%98%A4%EC%A0%84%2010%3A19%3A28.jpg',20,8),(470,'https://aicanvas-mw.s3.ap-northeast-2.amazonaws.com/profile/20/canvas/handbag/1696555201080994294.JPG','https://aicanvas-mw.s3.ap-northeast-2.amazonaws.com/profile/20/sketch/%EC%98%A4%EC%A0%84%2010%3A20%3A00.jpg',20,8),(471,'https://aicanvas-mw.s3.ap-northeast-2.amazonaws.com/profile/20/canvas/maple_character/1696555343614488077.JPG','https://aicanvas-mw.s3.ap-northeast-2.amazonaws.com/profile/20/sketch/%EC%98%A4%EC%A0%84%2010%3A22%3A25.jpg',20,10),(472,'https://aicanvas-mw.s3.ap-northeast-2.amazonaws.com/profile/14/canvas/maple_character/1696555396331198173.JPG','https://aicanvas-mw.s3.ap-northeast-2.amazonaws.com/profile/14/sketch/%EC%98%A4%EC%A0%84%2010%3A23%3A15.jpg',14,10),(473,'https://aicanvas-mw.s3.ap-northeast-2.amazonaws.com/profile/14/canvas/shoe/1696555430121072574.JPG','https://aicanvas-mw.s3.ap-northeast-2.amazonaws.com/profile/14/sketch/%EC%98%A4%EC%A0%84%2010%3A23%3A49.jpg',14,9),(474,'https://aicanvas-mw.s3.ap-northeast-2.amazonaws.com/profile/14/canvas/maple_character/1696555448813135435.JPG','https://aicanvas-mw.s3.ap-northeast-2.amazonaws.com/profile/14/sketch/%EC%98%A4%EC%A0%84%2010%3A24%3A08.jpg',14,10),(475,'https://aicanvas-mw.s3.ap-northeast-2.amazonaws.com/profile/12/canvas/maple_character/1696555593419314349.JPG','https://aicanvas-mw.s3.ap-northeast-2.amazonaws.com/profile/12/sketch/%EC%98%A4%EC%A0%84%2010%3A26%3A33.jpg',12,10),(476,'https://aicanvas-mw.s3.ap-northeast-2.amazonaws.com/profile/12/canvas/car/1696555689007917125.JPG','https://aicanvas-mw.s3.ap-northeast-2.amazonaws.com/profile/12/sketch/%EC%98%A4%EC%A0%84%2010%3A28%3A08.jpg',12,5),(477,'https://aicanvas-mw.s3.ap-northeast-2.amazonaws.com/profile/27/canvas/panda/1696555776658916795.JPG','https://aicanvas-mw.s3.ap-northeast-2.amazonaws.com/profile/27/sketch/%EC%98%A4%EC%A0%84%2010%3A29%3A35.jpg',27,6),(478,'https://aicanvas-mw.s3.ap-northeast-2.amazonaws.com/profile/26/canvas/handbag/1696556050371885926.JPG','https://aicanvas-mw.s3.ap-northeast-2.amazonaws.com/profile/26/sketch/%EC%98%A4%EC%A0%84%2010%3A34%3A09.jpg',26,8),(479,'https://aicanvas-mw.s3.ap-northeast-2.amazonaws.com/profile/12/canvas/space/1696555959960075768.JPG','https://aicanvas-mw.s3.ap-northeast-2.amazonaws.com/profile/12/sketch/%EC%98%A4%EC%A0%84%2010%3A34%3A02.jpg',12,12),(480,'https://aicanvas-mw.s3.ap-northeast-2.amazonaws.com/profile/26/canvas/handbag/1696556066775863271.JPG','https://aicanvas-mw.s3.ap-northeast-2.amazonaws.com/profile/26/sketch/%EC%98%A4%EC%A0%84%2010%3A36%3A33.jpg',26,8),(481,'https://aicanvas-mw.s3.ap-northeast-2.amazonaws.com/profile/27/canvas/panda/1696556129656027788.JPG','https://aicanvas-mw.s3.ap-northeast-2.amazonaws.com/profile/27/sketch/%EC%98%A4%EC%A0%84%2010%3A35%3A28.jpg',27,6),(482,'https://aicanvas-mw.s3.ap-northeast-2.amazonaws.com/profile/27/canvas/panda/1696556209248682597.JPG','https://aicanvas-mw.s3.ap-northeast-2.amazonaws.com/profile/27/sketch/%EC%98%A4%EC%A0%84%2010%3A36%3A50.jpg',27,6),(483,'https://aicanvas-mw.s3.ap-northeast-2.amazonaws.com/profile/20/canvas/handbag/1696556263164801021.JPG','https://aicanvas-mw.s3.ap-northeast-2.amazonaws.com/profile/20/sketch/%EC%98%A4%EC%A0%84%2010%3A37%3A42.jpg',20,8),(484,NULL,'https://aicanvas-mw.s3.ap-northeast-2.amazonaws.com/profile/26/sketch/%EC%98%A4%EC%A0%84%2010%3A41%3A55.jpg',26,8),(485,'https://aicanvas-mw.s3.ap-northeast-2.amazonaws.com/profile/26/canvas/handbag/1696556605543058663.JPG','https://aicanvas-mw.s3.ap-northeast-2.amazonaws.com/profile/26/sketch/%EC%98%A4%EC%A0%84%2010%3A43%3A25.jpg',26,8),(486,'https://aicanvas-mw.s3.ap-northeast-2.amazonaws.com/profile/26/canvas/handbag/1696556724159682342.JPG','https://aicanvas-mw.s3.ap-northeast-2.amazonaws.com/profile/26/sketch/%EC%98%A4%EC%A0%84%2010%3A45%3A23.jpg',26,8),(487,'https://aicanvas-mw.s3.ap-northeast-2.amazonaws.com/profile/30/canvas/shoe/1696556780340082584.JPG','https://aicanvas-mw.s3.ap-northeast-2.amazonaws.com/profile/30/sketch/%EC%98%A4%EC%A0%84%2010%3A46%3A20.jpg',30,9),(488,'https://aicanvas-mw.s3.ap-northeast-2.amazonaws.com/profile/26/canvas/handbag/1696556899693955777.JPG','https://aicanvas-mw.s3.ap-northeast-2.amazonaws.com/profile/26/sketch/%EC%98%A4%EC%A0%84%2010%3A48%3A19.jpg',26,8),(489,'https://aicanvas-mw.s3.ap-northeast-2.amazonaws.com/profile/26/canvas/handbag/1696556975247053298.JPG','https://aicanvas-mw.s3.ap-northeast-2.amazonaws.com/profile/26/sketch/%EC%98%A4%EC%A0%84%2010%3A49%3A34.jpg',26,8);
/*!40000 ALTER TABLE `canvas` ENABLE KEYS */;
UNLOCK TABLES;

--
-- Table structure for table `emotion`
--

DROP TABLE IF EXISTS `emotion`;
/*!40101 SET @saved_cs_client     = @@character_set_client */;
/*!50503 SET character_set_client = utf8mb4 */;
CREATE TABLE `emotion` (
  `id` bigint NOT NULL AUTO_INCREMENT,
  `created_at` datetime(6) NOT NULL,
  `emotion_type_id` bigint NOT NULL,
  `post_id` bigint DEFAULT NULL,
  `profile_id` bigint NOT NULL,
  PRIMARY KEY (`id`),
  KEY `FKa9mr786n11rha0vo2v2d0j16m` (`emotion_type_id`),
  KEY `FKi13qfwqacj4lmd4r113jd6idm` (`post_id`),
  KEY `FK46q56t8t144pcp2x6hmd5i9ca` (`profile_id`),
  CONSTRAINT `FK46q56t8t144pcp2x6hmd5i9ca` FOREIGN KEY (`profile_id`) REFERENCES `profile` (`id`),
  CONSTRAINT `FKa9mr786n11rha0vo2v2d0j16m` FOREIGN KEY (`emotion_type_id`) REFERENCES `emotion_type` (`id`),
  CONSTRAINT `FKi13qfwqacj4lmd4r113jd6idm` FOREIGN KEY (`post_id`) REFERENCES `post` (`id`)
) ENGINE=InnoDB AUTO_INCREMENT=93 DEFAULT CHARSET=utf8mb4 COLLATE=utf8mb4_general_ci;
/*!40101 SET character_set_client = @saved_cs_client */;

--
-- Dumping data for table `emotion`
--

LOCK TABLES `emotion` WRITE;
/*!40000 ALTER TABLE `emotion` DISABLE KEYS */;
INSERT INTO `emotion` VALUES (3,'2023-10-05 13:38:57.307292',1,11,18),(5,'2023-10-05 13:42:09.378293',1,12,18),(33,'2023-10-05 14:17:56.288907',1,17,5),(35,'2023-10-05 14:35:59.299219',1,1,18),(36,'2023-10-05 14:41:06.349361',1,12,11),(38,'2023-10-05 14:41:10.861800',3,10,11),(40,'2023-10-05 14:41:27.225616',1,23,11),(41,'2023-10-05 14:41:37.642078',2,11,11),(42,'2023-10-05 14:44:10.100467',1,16,18),(43,'2023-10-05 15:21:29.865454',1,26,11),(45,'2023-10-05 16:28:00.228975',1,12,20),(46,'2023-10-05 16:28:00.582825',1,12,20),(50,'2023-10-05 16:29:10.922243',1,12,5),(51,'2023-10-05 17:43:28.117533',1,44,5),(53,'2023-10-05 18:44:12.174507',3,44,12),(54,'2023-10-05 20:54:54.188612',2,44,21),(56,'2023-10-05 20:55:14.490900',2,25,21),(58,'2023-10-05 21:02:17.695593',1,63,21),(59,'2023-10-05 21:02:32.652822',1,11,21),(67,'2023-10-05 21:56:45.125311',2,49,20),(68,'2023-10-05 21:56:51.703100',1,26,20),(70,'2023-10-05 22:22:02.166754',1,16,20),(71,'2023-10-05 22:22:08.561800',2,69,20),(73,'2023-10-05 22:22:30.668904',2,25,20),(74,'2023-10-05 22:22:32.864926',1,11,20),(75,'2023-10-05 22:23:32.243084',2,17,20),(76,'2023-10-06 01:33:43.777317',1,11,26),(77,'2023-10-06 01:34:37.486783',3,27,20),(79,'2023-10-06 01:36:35.146163',2,75,20),(80,'2023-10-06 02:43:50.162187',2,23,20),(81,'2023-10-06 04:15:50.807983',2,45,20),(82,'2023-10-06 04:15:53.271708',2,44,20),(83,'2023-10-06 04:16:12.109404',2,28,20),(84,'2023-10-06 09:29:34.015185',2,28,28),(85,'2023-10-06 09:29:53.373950',1,16,28),(86,'2023-10-06 09:29:56.031418',2,69,28),(87,'2023-10-06 09:30:05.800712',2,75,28),(88,'2023-10-06 09:34:03.350338',2,24,28),(89,'2023-10-06 09:41:19.291843',3,27,12),(90,'2023-10-06 09:41:22.377137',3,45,12),(91,'2023-10-06 10:09:28.022988',1,28,21);
/*!40000 ALTER TABLE `emotion` ENABLE KEYS */;
UNLOCK TABLES;

--
-- Table structure for table `emotion_type`
--

DROP TABLE IF EXISTS `emotion_type`;
/*!40101 SET @saved_cs_client     = @@character_set_client */;
/*!50503 SET character_set_client = utf8mb4 */;
CREATE TABLE `emotion_type` (
  `id` bigint NOT NULL AUTO_INCREMENT,
  `emotion_name` varchar(255) COLLATE utf8mb4_general_ci DEFAULT NULL,
  PRIMARY KEY (`id`)
) ENGINE=InnoDB AUTO_INCREMENT=7 DEFAULT CHARSET=utf8mb4 COLLATE=utf8mb4_general_ci;
/*!40101 SET character_set_client = @saved_cs_client */;

--
-- Dumping data for table `emotion_type`
--

LOCK TABLES `emotion_type` WRITE;
/*!40000 ALTER TABLE `emotion_type` DISABLE KEYS */;
INSERT INTO `emotion_type` VALUES (1,'smile'),(2,'wow'),(3,'sad');
/*!40000 ALTER TABLE `emotion_type` ENABLE KEYS */;
UNLOCK TABLES;

--
-- Table structure for table `item`
--

DROP TABLE IF EXISTS `item`;
/*!40101 SET @saved_cs_client     = @@character_set_client */;
/*!50503 SET character_set_client = utf8mb4 */;
CREATE TABLE `item` (
  `id` bigint NOT NULL AUTO_INCREMENT,
  `item_price` bigint DEFAULT NULL,
  PRIMARY KEY (`id`)
) ENGINE=InnoDB AUTO_INCREMENT=25 DEFAULT CHARSET=utf8mb4 COLLATE=utf8mb4_general_ci;
/*!40101 SET character_set_client = @saved_cs_client */;

--
-- Dumping data for table `item`
--

LOCK TABLES `item` WRITE;
/*!40000 ALTER TABLE `item` DISABLE KEYS */;
INSERT INTO `item` VALUES (5,500),(6,500),(7,500),(8,0),(9,1000),(10,300),(11,700),(12,100),(13,100),(14,100),(15,100),(16,100),(17,100),(18,100),(19,100),(22,10000),(24,10000);
/*!40000 ALTER TABLE `item` ENABLE KEYS */;
UNLOCK TABLES;

--
-- Table structure for table `member`
--

DROP TABLE IF EXISTS `member`;
/*!40101 SET @saved_cs_client     = @@character_set_client */;
/*!50503 SET character_set_client = utf8mb4 */;
CREATE TABLE `member` (
  `id` varchar(255) COLLATE utf8mb4_general_ci NOT NULL,
  `create_at` datetime(6) NOT NULL,
  `email` varchar(255) COLLATE utf8mb4_general_ci NOT NULL,
  `role` varchar(255) COLLATE utf8mb4_general_ci NOT NULL,
  `user_id` varchar(255) COLLATE utf8mb4_general_ci NOT NULL,
  PRIMARY KEY (`id`)
) ENGINE=InnoDB DEFAULT CHARSET=utf8mb4 COLLATE=utf8mb4_general_ci;
/*!40101 SET character_set_client = @saved_cs_client */;

--
-- Dumping data for table `member`
--

LOCK TABLES `member` WRITE;
/*!40000 ALTER TABLE `member` DISABLE KEYS */;
INSERT INTO `member` VALUES ('04b062a2-cdd8-4a3e-8c67-1ade7fc1328f','2023-10-05 10:38:30.907749','samsee@kakao.com','ROLE_USER','7dd37f8d-7e5a-4d87-9715-2957353c100c'),('319d6111-bd9d-425b-978f-3316756ca8c5','2023-10-04 09:29:34.118947','2007bae@naver.com','ROLE_USER','b225bae4-cd69-4c53-afeb-dd2d7bfed498'),('6130a5c6-5ab4-47a9-bef3-0ec8995f063c','2023-10-04 11:05:40.619953','chk7082@naver.com','ROLE_USER','b7e33e59-c7a9-4c14-932e-61c222c229c3'),('627d4f6f-5c70-4ce6-9f46-fe9e90f7ffab','2023-10-04 09:34:49.305937','sid98816@naver.com','ROLE_USER','3b1429b4-a557-4d91-88bf-fe60effd5fe2'),('69c56605-5005-4e04-b477-7060a7ff8611','2023-10-04 23:28:36.981576','dlauddndlek@naver.com','ROLE_USER','beabc57a-d545-4763-a87f-16a530ab2289'),('97d772c3-cc29-4881-b7a3-c86ed2f55c7d','2023-10-05 18:40:11.814986','dilook0424@naver.com','ROLE_USER','39348a6d-554b-4362-b20a-b89d4549a080'),('a971ec6d-7018-4ad2-8a4e-d4c57fedd8f3','2023-10-04 13:16:28.606320','djagksruf@nate.com','ROLE_USER','1b29a070-f90f-47ce-9e17-8efc5b101971'),('cef620ca-d519-4caf-b191-1c8c704617d3','2023-10-04 23:26:08.333929','jamesl2@kakao.com','ROLE_USER','03ed39d2-89fd-40ad-b37d-adea06b91b3f'),('ee2410d1-4a93-4d4e-b20b-c15998d01be0','2023-10-04 10:28:08.045432','cumulus1225@naver.com','ROLE_USER','9231b0c0-54c7-4a60-ad00-30e455724350'),('f037c790-7835-47a6-a2e2-59a555202579','2023-10-06 10:44:46.596171','doongjun@kakao.com','ROLE_USER','52fd3493-62b1-4fcb-bc38-9b9b2a7f5792');
/*!40000 ALTER TABLE `member` ENABLE KEYS */;
UNLOCK TABLES;

--
-- Table structure for table `my_item`
--

DROP TABLE IF EXISTS `my_item`;
/*!40101 SET @saved_cs_client     = @@character_set_client */;
/*!50503 SET character_set_client = utf8mb4 */;
CREATE TABLE `my_item` (
  `id` bigint NOT NULL AUTO_INCREMENT,
  `item_type` varchar(255) COLLATE utf8mb4_general_ci DEFAULT NULL,
  `item_id` bigint DEFAULT NULL,
  `profile_id` bigint DEFAULT NULL,
  PRIMARY KEY (`id`),
  KEY `FK1jo5hstf2auw8hf3i3jlsoi4e` (`item_id`),
  KEY `FKmaa62edc4jq2t7pgngsokvol1` (`profile_id`),
  CONSTRAINT `FK1jo5hstf2auw8hf3i3jlsoi4e` FOREIGN KEY (`item_id`) REFERENCES `item` (`id`),
  CONSTRAINT `FKmaa62edc4jq2t7pgngsokvol1` FOREIGN KEY (`profile_id`) REFERENCES `profile` (`id`)
) ENGINE=InnoDB AUTO_INCREMENT=97 DEFAULT CHARSET=utf8mb4 COLLATE=utf8mb4_general_ci;
/*!40101 SET character_set_client = @saved_cs_client */;

--
-- Dumping data for table `my_item`
--

LOCK TABLES `my_item` WRITE;
/*!40000 ALTER TABLE `my_item` DISABLE KEYS */;
INSERT INTO `my_item` VALUES (1,'avatar',8,5),(4,'avatar',8,9),(5,'avatar',8,10),(6,'avatar',9,10),(7,'avatar',8,11),(8,'avatar',9,9),(9,'avatar',8,12),(10,'avatar',9,12),(11,'subject',17,12),(12,'subject',19,12),(13,'avatar',6,10),(14,'subject',12,10),(15,'subject',15,10),(16,'subject',16,10),(17,'subject',17,10),(18,'subject',18,10),(19,'subject',19,10),(20,'subject',13,10),(21,'subject',14,10),(22,'avatar',6,9),(23,'avatar',7,10),(24,'avatar',5,9),(25,'avatar',7,9),(26,'avatar',10,9),(27,'avatar',11,9),(28,'subject',15,9),(29,'subject',13,5),(30,'avatar',5,10),(31,'avatar',10,10),(32,'avatar',11,10),(33,'subject',12,9),(34,'subject',13,9),(35,'avatar',10,12),(36,'avatar',8,13),(37,'avatar',8,14),(38,'subject',17,14),(39,'subject',18,12),(40,'avatar',8,15),(41,'avatar',8,16),(42,'avatar',8,17),(43,'avatar',8,18),(44,'subject',12,18),(45,'avatar',5,18),(46,'avatar',7,18),(47,'subject',17,18),(48,'subject',15,18),(49,'subject',16,18),(50,'subject',13,18),(51,'subject',14,18),(52,'subject',18,18),(54,'avatar',8,20),(55,'avatar',10,20),(56,'subject',19,18),(57,'subject',18,9),(58,'subject',13,12),(59,'avatar',8,21),(60,'avatar',7,11),(61,'subject',17,11),(62,'subject',15,11),(63,'avatar',8,22),(66,'avatar',8,24),(67,'avatar',6,11),(68,'subject',14,21),(69,'subject',15,21),(70,'subject',18,21),(71,'subject',17,21),(72,'subject',16,21),(73,'subject',12,21),(75,'subject',17,20),(76,'avatar',11,20),(77,'subject',15,20),(78,'subject',16,20),(80,'subject',12,12),(81,'avatar',8,26),(82,'subject',15,26),(83,'avatar',11,26),(84,'avatar',8,27),(85,'subject',13,27),(86,'avatar',8,28),(87,'avatar',10,21),(88,'avatar',6,21),(89,'subject',15,28),(90,'avatar',8,29),(92,'avatar',22,21),(93,'avatar',22,12),(94,'avatar',5,21),(95,'subject',13,29),(96,'avatar',8,30);
/*!40000 ALTER TABLE `my_item` ENABLE KEYS */;
UNLOCK TABLES;

--
-- Table structure for table `notification`
--

DROP TABLE IF EXISTS `notification`;
/*!40101 SET @saved_cs_client     = @@character_set_client */;
/*!50503 SET character_set_client = utf8mb4 */;
CREATE TABLE `notification` (
  `id` bigint NOT NULL AUTO_INCREMENT,
  `content` varchar(255) COLLATE utf8mb4_general_ci DEFAULT NULL,
  `create_at` datetime(6) NOT NULL,
  `is_read` bit(1) DEFAULT NULL,
  `type` varchar(255) COLLATE utf8mb4_general_ci DEFAULT NULL,
  `profile_id` bigint DEFAULT NULL,
  PRIMARY KEY (`id`),
  KEY `FKimxtjs2ya7yv059sa6dinu1gl` (`profile_id`),
  CONSTRAINT `FKimxtjs2ya7yv059sa6dinu1gl` FOREIGN KEY (`profile_id`) REFERENCES `profile` (`id`)
) ENGINE=InnoDB AUTO_INCREMENT=1181 DEFAULT CHARSET=utf8mb4 COLLATE=utf8mb4_general_ci;
/*!40101 SET character_set_client = @saved_cs_client */;

--
-- Dumping data for table `notification`
--

LOCK TABLES `notification` WRITE;
/*!40000 ALTER TABLE `notification` DISABLE KEYS */;
INSERT INTO `notification` VALUES (1,'랭킹안에 들었습니다.','2023-10-05 13:54:35.126812',_binary '\0','RANKING',18),(2,'랭킹안에 들었습니다.','2023-10-05 13:54:35.204470',_binary '\0','RANKING',9),(3,'랭킹안에 들었습니다.','2023-10-05 13:54:37.198133',_binary '\0','RANKING',18),(5,'랭킹안에 들었습니다.','2023-10-05 14:00:00.232717',_binary '\0','RANKING',18),(6,'랭킹안에 들었습니다.','2023-10-05 14:00:00.341726',_binary '\0','RANKING',18),(7,'랭킹안에 들었습니다.','2023-10-05 14:00:00.464964',_binary '\0','RANKING',18),(8,'랭킹안에 들었습니다.','2023-10-05 14:00:00.600119',_binary '\0','RANKING',18),(9,'랭킹안에 들었습니다.','2023-10-05 14:00:00.619941',_binary '\0','RANKING',18),(10,'랭킹안에 들었습니다.','2023-10-05 14:00:00.696197',_binary '\0','RANKING',18),(11,'랭킹안에 들었습니다.','2023-10-05 14:54:31.331568',_binary '\0','RANKING',18),(12,'랭킹안에 들었습니다.','2023-10-05 14:54:31.411028',_binary '\0','RANKING',9),(13,'랭킹안에 들었습니다.','2023-10-05 14:54:31.445210',_binary '\0','RANKING',18),(14,'랭킹안에 들었습니다.','2023-10-05 14:54:32.697877',_binary '\0','RANKING',12),(15,'랭킹안에 들었습니다.','2023-10-05 14:54:32.778238',_binary '\0','RANKING',18),(16,'랭킹안에 들었습니다.','2023-10-05 14:54:32.815198',_binary '\0','RANKING',18),(17,'랭킹안에 들었습니다.','2023-10-05 14:54:32.853218',_binary '\0','RANKING',18),(18,'랭킹안에 들었습니다.','2023-10-05 14:54:32.904640',_binary '\0','RANKING',18),(22,'랭킹안에 들었습니다.','2023-10-05 15:00:00.564266',_binary '\0','RANKING',18),(23,'랭킹안에 들었습니다.','2023-10-05 15:00:00.589408',_binary '\0','RANKING',9),(24,'랭킹안에 들었습니다.','2023-10-05 15:00:00.631005',_binary '\0','RANKING',18),(25,'랭킹안에 들었습니다.','2023-10-05 15:00:00.748836',_binary '\0','RANKING',12),(26,'랭킹안에 들었습니다.','2023-10-05 15:00:00.789967',_binary '\0','RANKING',18),(27,'랭킹안에 들었습니다.','2023-10-05 15:00:00.794970',_binary '\0','RANKING',18),(28,'랭킹안에 들었습니다.','2023-10-05 15:00:00.834636',_binary '\0','RANKING',18),(29,'랭킹안에 들었습니다.','2023-10-05 15:00:00.871017',_binary '\0','RANKING',18),(45,'랭킹안에 들었습니다.','2023-10-05 15:47:28.931771',_binary '\0','RANKING',18),(46,'랭킹안에 들었습니다.','2023-10-05 15:47:28.970977',_binary '\0','RANKING',9),(47,'랭킹안에 들었습니다.','2023-10-05 15:47:28.995199',_binary '\0','RANKING',18),(48,'랭킹안에 들었습니다.','2023-10-05 15:47:29.571705',_binary '\0','RANKING',12),(49,'랭킹안에 들었습니다.','2023-10-05 15:47:29.645044',_binary '\0','RANKING',18),(50,'랭킹안에 들었습니다.','2023-10-05 15:47:29.669284',_binary '\0','RANKING',18),(51,'랭킹안에 들었습니다.','2023-10-05 15:47:29.691873',_binary '\0','RANKING',18),(52,'랭킹안에 들었습니다.','2023-10-05 15:47:29.736231',_binary '\0','RANKING',18),(53,'랭킹안에 들었습니다.','2023-10-05 15:47:29.778398',_binary '\0','RANKING',11),(54,'랭킹안에 들었습니다.','2023-10-05 15:59:31.193363',_binary '\0','RANKING',18),(55,'랭킹안에 들었습니다.','2023-10-05 15:59:31.269732',_binary '\0','RANKING',9),(56,'랭킹안에 들었습니다.','2023-10-05 15:59:31.314379',_binary '\0','RANKING',18),(57,'랭킹안에 들었습니다.','2023-10-05 15:59:32.597816',_binary '\0','RANKING',12),(58,'랭킹안에 들었습니다.','2023-10-05 15:59:32.678762',_binary '\0','RANKING',18),(59,'랭킹안에 들었습니다.','2023-10-05 15:59:32.720664',_binary '\0','RANKING',18),(60,'랭킹안에 들었습니다.','2023-10-05 15:59:32.757309',_binary '\0','RANKING',18),(61,'랭킹안에 들었습니다.','2023-10-05 15:59:32.812652',_binary '\0','RANKING',18),(62,'랭킹안에 들었습니다.','2023-10-05 15:59:32.866262',_binary '\0','RANKING',11),(63,'랭킹안에 들었습니다.','2023-10-05 16:00:00.369375',_binary '\0','RANKING',18),(64,'랭킹안에 들었습니다.','2023-10-05 16:00:00.374370',_binary '\0','RANKING',18),(65,'랭킹안에 들었습니다.','2023-10-05 16:00:00.388531',_binary '\0','RANKING',9),(66,'랭킹안에 들었습니다.','2023-10-05 16:00:00.408843',_binary '\0','RANKING',18),(67,'랭킹안에 들었습니다.','2023-10-05 16:00:00.457135',_binary '\0','RANKING',12),(68,'랭킹안에 들었습니다.','2023-10-05 16:00:00.473376',_binary '\0','RANKING',18),(69,'랭킹안에 들었습니다.','2023-10-05 16:00:00.476232',_binary '\0','RANKING',18),(70,'랭킹안에 들었습니다.','2023-10-05 16:00:00.479141',_binary '\0','RANKING',18),(71,'랭킹안에 들었습니다.','2023-10-05 16:00:00.501391',_binary '\0','RANKING',18),(72,'랭킹안에 들었습니다.','2023-10-05 16:00:00.552869',_binary '\0','RANKING',18),(73,'랭킹안에 들었습니다.','2023-10-05 16:00:00.540488',_binary '\0','RANKING',9),(74,'랭킹안에 들었습니다.','2023-10-05 16:00:00.545072',_binary '\0','RANKING',11),(75,'랭킹안에 들었습니다.','2023-10-05 16:00:00.566217',_binary '\0','RANKING',18),(76,'랭킹안에 들었습니다.','2023-10-05 16:00:00.610173',_binary '\0','RANKING',9),(77,'랭킹안에 들었습니다.','2023-10-05 16:00:00.631896',_binary '\0','RANKING',18),(78,'랭킹안에 들었습니다.','2023-10-05 16:00:00.668001',_binary '\0','RANKING',12),(79,'랭킹안에 들었습니다.','2023-10-05 16:00:00.696361',_binary '\0','RANKING',12),(80,'랭킹안에 들었습니다.','2023-10-05 16:00:00.738414',_binary '\0','RANKING',18),(81,'랭킹안에 들었습니다.','2023-10-05 16:00:00.742780',_binary '\0','RANKING',18),(82,'랭킹안에 들었습니다.','2023-10-05 16:00:00.747304',_binary '\0','RANKING',18),(83,'랭킹안에 들었습니다.','2023-10-05 16:00:00.775638',_binary '\0','RANKING',18),(84,'랭킹안에 들었습니다.','2023-10-05 16:00:00.760343',_binary '\0','RANKING',18),(85,'랭킹안에 들었습니다.','2023-10-05 16:00:00.779674',_binary '\0','RANKING',18),(86,'랭킹안에 들었습니다.','2023-10-05 16:00:00.786060',_binary '\0','RANKING',18),(87,'랭킹안에 들었습니다.','2023-10-05 16:00:00.779708',_binary '\0','RANKING',11),(88,'랭킹안에 들었습니다.','2023-10-05 16:00:00.813610',_binary '\0','RANKING',18),(89,'랭킹안에 들었습니다.','2023-10-05 16:00:00.863388',_binary '\0','RANKING',11),(90,'랭킹안에 들었습니다.','2023-10-05 16:01:45.089678',_binary '\0','RANKING',18),(91,'랭킹안에 들었습니다.','2023-10-05 16:01:45.146281',_binary '\0','RANKING',9),(92,'랭킹안에 들었습니다.','2023-10-05 16:01:45.179035',_binary '\0','RANKING',18),(93,'랭킹안에 들었습니다.','2023-10-05 16:01:45.832868',_binary '\0','RANKING',12),(94,'랭킹안에 들었습니다.','2023-10-05 16:01:45.941339',_binary '\0','RANKING',18),(95,'랭킹안에 들었습니다.','2023-10-05 16:01:45.967727',_binary '\0','RANKING',18),(96,'랭킹안에 들었습니다.','2023-10-05 16:01:46.013183',_binary '\0','RANKING',18),(97,'랭킹안에 들었습니다.','2023-10-05 16:01:46.062995',_binary '\0','RANKING',18),(98,'랭킹안에 들었습니다.','2023-10-05 16:01:46.105142',_binary '\0','RANKING',11),(99,'랭킹안에 들었습니다.','2023-10-05 16:02:09.601018',_binary '\0','RANKING',18),(100,'랭킹안에 들었습니다.','2023-10-05 16:02:09.642033',_binary '\0','RANKING',9),(101,'랭킹안에 들었습니다.','2023-10-05 16:02:09.666300',_binary '\0','RANKING',18),(102,'랭킹안에 들었습니다.','2023-10-05 16:02:10.275834',_binary '\0','RANKING',12),(103,'랭킹안에 들었습니다.','2023-10-05 16:02:10.341876',_binary '\0','RANKING',18),(104,'랭킹안에 들었습니다.','2023-10-05 16:02:10.416428',_binary '\0','RANKING',18),(105,'랭킹안에 들었습니다.','2023-10-05 16:02:10.484662',_binary '\0','RANKING',18),(106,'랭킹안에 들었습니다.','2023-10-05 16:02:10.528555',_binary '\0','RANKING',18),(107,'랭킹안에 들었습니다.','2023-10-05 16:02:10.577360',_binary '\0','RANKING',11),(108,'랭킹안에 들었습니다.','2023-10-05 17:00:00.108520',_binary '\0','RANKING',18),(109,'랭킹안에 들었습니다.','2023-10-05 17:00:00.179960',_binary '\0','RANKING',9),(110,'랭킹안에 들었습니다.','2023-10-05 17:00:00.183709',_binary '\0','RANKING',18),(111,'랭킹안에 들었습니다.','2023-10-05 17:00:00.208604',_binary '\0','RANKING',18),(112,'랭킹안에 들었습니다.','2023-10-05 17:00:00.224819',_binary '\0','RANKING',12),(113,'랭킹안에 들었습니다.','2023-10-05 17:00:00.364320',_binary '\0','RANKING',9),(114,'랭킹안에 들었습니다.','2023-10-05 17:00:00.397278',_binary '\0','RANKING',18),(115,'랭킹안에 들었습니다.','2023-10-05 17:00:00.399864',_binary '\0','RANKING',18),(116,'랭킹안에 들었습니다.','2023-10-05 17:00:00.404175',_binary '\0','RANKING',18),(117,'랭킹안에 들었습니다.','2023-10-05 17:00:00.441525',_binary '\0','RANKING',18),(118,'랭킹안에 들었습니다.','2023-10-05 17:00:00.450163',_binary '\0','RANKING',18),(119,'랭킹안에 들었습니다.','2023-10-05 17:00:00.463467',_binary '\0','RANKING',11),(120,'랭킹안에 들었습니다.','2023-10-05 17:00:00.527567',_binary '\0','RANKING',12),(121,'랭킹안에 들었습니다.','2023-10-05 17:00:00.579086',_binary '\0','RANKING',18),(122,'랭킹안에 들었습니다.','2023-10-05 17:00:00.592767',_binary '\0','RANKING',18),(123,'랭킹안에 들었습니다.','2023-10-05 17:00:00.599906',_binary '\0','RANKING',18),(124,'랭킹안에 들었습니다.','2023-10-05 17:00:00.619221',_binary '\0','RANKING',18),(125,'랭킹안에 들었습니다.','2023-10-05 17:00:00.716923',_binary '\0','RANKING',11),(126,'랭킹안에 들었습니다.','2023-10-05 17:03:01.693420',_binary '\0','RANKING',18),(127,'랭킹안에 들었습니다.','2023-10-05 17:03:01.760625',_binary '\0','RANKING',9),(128,'랭킹안에 들었습니다.','2023-10-05 17:03:01.810183',_binary '\0','RANKING',18),(129,'랭킹안에 들었습니다.','2023-10-05 17:03:02.771040',_binary '\0','RANKING',12),(130,'랭킹안에 들었습니다.','2023-10-05 17:03:02.923560',_binary '\0','RANKING',18),(131,'랭킹안에 들었습니다.','2023-10-05 17:03:02.973722',_binary '\0','RANKING',18),(132,'랭킹안에 들었습니다.','2023-10-05 17:03:03.035136',_binary '\0','RANKING',18),(133,'랭킹안에 들었습니다.','2023-10-05 17:03:03.142995',_binary '\0','RANKING',18),(134,'랭킹안에 들었습니다.','2023-10-05 17:03:03.236833',_binary '\0','RANKING',11),(135,'랭킹안에 들었습니다.','2023-10-05 17:20:40.177435',_binary '\0','RANKING',18),(136,'랭킹안에 들었습니다.','2023-10-05 17:20:40.264591',_binary '\0','RANKING',9),(137,'랭킹안에 들었습니다.','2023-10-05 17:20:40.326577',_binary '\0','RANKING',18),(138,'랭킹안에 들었습니다.','2023-10-05 17:20:41.161665',_binary '\0','RANKING',12),(139,'랭킹안에 들었습니다.','2023-10-05 17:20:41.313768',_binary '\0','RANKING',18),(140,'랭킹안에 들었습니다.','2023-10-05 17:20:41.371413',_binary '\0','RANKING',18),(141,'랭킹안에 들었습니다.','2023-10-05 17:20:41.402763',_binary '\0','RANKING',18),(142,'랭킹안에 들었습니다.','2023-10-05 17:20:41.492025',_binary '\0','RANKING',18),(143,'랭킹안에 들었습니다.','2023-10-05 17:20:41.566638',_binary '\0','RANKING',11),(144,'랭킹안에 들었습니다.','2023-10-05 17:20:46.301956',_binary '\0','RANKING',18),(145,'랭킹안에 들었습니다.','2023-10-05 17:20:46.354570',_binary '\0','RANKING',9),(146,'랭킹안에 들었습니다.','2023-10-05 17:20:46.382965',_binary '\0','RANKING',18),(147,'랭킹안에 들었습니다.','2023-10-05 17:20:47.037067',_binary '\0','RANKING',12),(148,'랭킹안에 들었습니다.','2023-10-05 17:20:47.106521',_binary '\0','RANKING',18),(149,'랭킹안에 들었습니다.','2023-10-05 17:20:47.130208',_binary '\0','RANKING',18),(150,'랭킹안에 들었습니다.','2023-10-05 17:20:47.157871',_binary '\0','RANKING',18),(151,'랭킹안에 들었습니다.','2023-10-05 17:20:47.204426',_binary '\0','RANKING',18),(152,'랭킹안에 들었습니다.','2023-10-05 17:20:47.249009',_binary '\0','RANKING',11),(153,'랭킹안에 들었습니다.','2023-10-05 17:22:11.838014',_binary '\0','RANKING',18),(154,'랭킹안에 들었습니다.','2023-10-05 17:22:11.905322',_binary '\0','RANKING',9),(155,'랭킹안에 들었습니다.','2023-10-05 17:22:11.945744',_binary '\0','RANKING',18),(156,'랭킹안에 들었습니다.','2023-10-05 17:22:13.135448',_binary '\0','RANKING',12),(157,'랭킹안에 들었습니다.','2023-10-05 17:22:13.224124',_binary '\0','RANKING',18),(158,'랭킹안에 들었습니다.','2023-10-05 17:22:13.266711',_binary '\0','RANKING',18),(159,'랭킹안에 들었습니다.','2023-10-05 17:22:13.299338',_binary '\0','RANKING',18),(160,'랭킹안에 들었습니다.','2023-10-05 17:22:13.357424',_binary '\0','RANKING',18),(161,'랭킹안에 들었습니다.','2023-10-05 17:22:13.409119',_binary '\0','RANKING',11),(162,'랭킹안에 들었습니다.','2023-10-05 17:48:31.936195',_binary '\0','RANKING',18),(163,'랭킹안에 들었습니다.','2023-10-05 17:48:32.026568',_binary '\0','RANKING',9),(164,'랭킹안에 들었습니다.','2023-10-05 17:48:32.093386',_binary '\0','RANKING',18),(165,'랭킹안에 들었습니다.','2023-10-05 17:48:33.006338',_binary '\0','RANKING',12),(166,'랭킹안에 들었습니다.','2023-10-05 17:48:33.051332',_binary '\0','RANKING',18),(167,'랭킹안에 들었습니다.','2023-10-05 17:48:33.189000',_binary '\0','RANKING',18),(168,'랭킹안에 들었습니다.','2023-10-05 17:48:33.243558',_binary '\0','RANKING',18),(169,'랭킹안에 들었습니다.','2023-10-05 17:48:33.288221',_binary '\0','RANKING',18),(170,'랭킹안에 들었습니다.','2023-10-05 17:48:33.343071',_binary '\0','RANKING',18),(171,'랭킹안에 들었습니다.','2023-10-05 17:48:33.387546',_binary '\0','RANKING',11),(172,'랭킹안에 들었습니다.','2023-10-05 18:00:00.267888',_binary '\0','RANKING',18),(173,'랭킹안에 들었습니다.','2023-10-05 18:00:00.457524',_binary '\0','RANKING',18),(174,'랭킹안에 들었습니다.','2023-10-05 18:00:00.478311',_binary '\0','RANKING',9),(175,'랭킹안에 들었습니다.','2023-10-05 18:00:00.481620',_binary '\0','RANKING',18),(176,'랭킹안에 들었습니다.','2023-10-05 18:00:00.547019',_binary '\0','RANKING',9),(177,'랭킹안에 들었습니다.','2023-10-05 18:00:00.557125',_binary '\0','RANKING',12),(178,'랭킹안에 들었습니다.','2023-10-05 18:00:00.560505',_binary '\0','RANKING',18),(179,'랭킹안에 들었습니다.','2023-10-05 18:00:00.561580',_binary '\0','RANKING',18),(180,'랭킹안에 들었습니다.','2023-10-05 18:00:00.577397',_binary '\0','RANKING',12),(181,'랭킹안에 들었습니다.','2023-10-05 18:00:00.581125',_binary '\0','RANKING',18),(182,'랭킹안에 들었습니다.','2023-10-05 18:00:00.598510',_binary '\0','RANKING',18),(183,'랭킹안에 들었습니다.','2023-10-05 18:00:00.600933',_binary '\0','RANKING',18),(184,'랭킹안에 들었습니다.','2023-10-05 18:00:00.602611',_binary '\0','RANKING',18),(185,'랭킹안에 들었습니다.','2023-10-05 18:00:00.603633',_binary '\0','RANKING',18),(186,'랭킹안에 들었습니다.','2023-10-05 18:00:00.605990',_binary '\0','RANKING',18),(187,'랭킹안에 들었습니다.','2023-10-05 18:00:00.606310',_binary '\0','RANKING',18),(188,'랭킹안에 들었습니다.','2023-10-05 18:00:00.669672',_binary '\0','RANKING',18),(189,'랭킹안에 들었습니다.','2023-10-05 18:00:00.671069',_binary '\0','RANKING',18),(190,'랭킹안에 들었습니다.','2023-10-05 18:00:00.754969',_binary '\0','RANKING',11),(191,'랭킹안에 들었습니다.','2023-10-05 18:00:00.757845',_binary '\0','RANKING',11),(192,'랭킹안에 들었습니다.','2023-10-05 18:00:00.952801',_binary '\0','RANKING',18),(193,'랭킹안에 들었습니다.','2023-10-05 18:00:01.075671',_binary '\0','RANKING',9),(194,'랭킹안에 들었습니다.','2023-10-05 18:00:01.085476',_binary '\0','RANKING',18),(195,'랭킹안에 들었습니다.','2023-10-05 18:00:01.211244',_binary '\0','RANKING',12),(196,'랭킹안에 들었습니다.','2023-10-05 18:00:01.221067',_binary '\0','RANKING',18),(197,'랭킹안에 들었습니다.','2023-10-05 18:00:01.270200',_binary '\0','RANKING',18),(198,'랭킹안에 들었습니다.','2023-10-05 18:00:01.278552',_binary '\0','RANKING',18),(199,'랭킹안에 들었습니다.','2023-10-05 18:00:01.283742',_binary '\0','RANKING',18),(200,'랭킹안에 들었습니다.','2023-10-05 18:00:01.317758',_binary '\0','RANKING',18),(201,'랭킹안에 들었습니다.','2023-10-05 18:00:01.369657',_binary '\0','RANKING',11),(202,'랭킹안에 들었습니다.','2023-10-05 19:00:00.391229',_binary '\0','RANKING',18),(203,'랭킹안에 들었습니다.','2023-10-05 19:00:00.513633',_binary '\0','RANKING',9),(204,'랭킹안에 들었습니다.','2023-10-05 19:00:00.519147',_binary '\0','RANKING',18),(205,'랭킹안에 들었습니다.','2023-10-05 19:00:00.530214',_binary '\0','RANKING',18),(206,'랭킹안에 들었습니다.','2023-10-05 19:00:00.538959',_binary '\0','RANKING',9),(207,'랭킹안에 들었습니다.','2023-10-05 19:00:00.540448',_binary '\0','RANKING',18),(208,'랭킹안에 들었습니다.','2023-10-05 19:00:00.542043',_binary '\0','RANKING',18),(209,'랭킹안에 들었습니다.','2023-10-05 19:00:00.565675',_binary '\0','RANKING',12),(210,'랭킹안에 들었습니다.','2023-10-05 19:00:00.554790',_binary '\0','RANKING',9),(211,'랭킹안에 들었습니다.','2023-10-05 19:00:00.571301',_binary '\0','RANKING',18),(212,'랭킹안에 들었습니다.','2023-10-05 19:00:00.574442',_binary '\0','RANKING',18),(213,'랭킹안에 들었습니다.','2023-10-05 19:00:00.621398',_binary '\0','RANKING',12),(214,'랭킹안에 들었습니다.','2023-10-05 19:00:00.660628',_binary '\0','RANKING',18),(215,'랭킹안에 들었습니다.','2023-10-05 19:00:00.687700',_binary '\0','RANKING',12),(216,'랭킹안에 들었습니다.','2023-10-05 19:00:00.699051',_binary '\0','RANKING',18),(217,'랭킹안에 들었습니다.','2023-10-05 19:00:00.700623',_binary '\0','RANKING',18),(218,'랭킹안에 들었습니다.','2023-10-05 19:00:00.710959',_binary '\0','RANKING',18),(219,'랭킹안에 들었습니다.','2023-10-05 19:00:00.718997',_binary '\0','RANKING',18),(220,'랭킹안에 들었습니다.','2023-10-05 19:00:00.728801',_binary '\0','RANKING',18),(221,'랭킹안에 들었습니다.','2023-10-05 19:00:00.728469',_binary '\0','RANKING',18),(222,'랭킹안에 들었습니다.','2023-10-05 19:00:00.740244',_binary '\0','RANKING',18),(223,'랭킹안에 들었습니다.','2023-10-05 19:00:00.732180',_binary '\0','RANKING',18),(224,'랭킹안에 들었습니다.','2023-10-05 19:00:00.744042',_binary '\0','RANKING',18),(225,'랭킹안에 들었습니다.','2023-10-05 19:00:00.736046',_binary '\0','RANKING',18),(226,'랭킹안에 들었습니다.','2023-10-05 19:00:00.749694',_binary '\0','RANKING',18),(227,'랭킹안에 들었습니다.','2023-10-05 19:00:00.745811',_binary '\0','RANKING',11),(228,'랭킹안에 들었습니다.','2023-10-05 19:00:00.748504',_binary '\0','RANKING',18),(229,'랭킹안에 들었습니다.','2023-10-05 19:00:00.775495',_binary '\0','RANKING',18),(230,'랭킹안에 들었습니다.','2023-10-05 19:00:00.813785',_binary '\0','RANKING',11),(231,'랭킹안에 들었습니다.','2023-10-05 19:00:00.838123',_binary '\0','RANKING',11),(232,'랭킹안에 들었습니다.','2023-10-05 20:00:00.304771',_binary '\0','RANKING',18),(233,'랭킹안에 들었습니다.','2023-10-05 20:00:00.328174',_binary '\0','RANKING',18),(234,'랭킹안에 들었습니다.','2023-10-05 20:00:00.391497',_binary '\0','RANKING',18),(235,'랭킹안에 들었습니다.','2023-10-05 20:00:00.403537',_binary '\0','RANKING',9),(236,'랭킹안에 들었습니다.','2023-10-05 20:00:00.469221',_binary '\0','RANKING',9),(237,'랭킹안에 들었습니다.','2023-10-05 20:00:00.487994',_binary '\0','RANKING',18),(238,'랭킹안에 들었습니다.','2023-10-05 20:00:00.483353',_binary '\0','RANKING',18),(239,'랭킹안에 들었습니다.','2023-10-05 20:00:00.593450',_binary '\0','RANKING',9),(240,'랭킹안에 들었습니다.','2023-10-05 20:00:00.620668',_binary '\0','RANKING',18),(241,'랭킹안에 들었습니다.','2023-10-05 20:00:00.694455',_binary '\0','RANKING',12),(242,'랭킹안에 들었습니다.','2023-10-05 20:00:00.714583',_binary '\0','RANKING',12),(243,'랭킹안에 들었습니다.','2023-10-05 20:00:00.729132',_binary '\0','RANKING',18),(244,'랭킹안에 들었습니다.','2023-10-05 20:00:00.709571',_binary '\0','RANKING',18),(245,'랭킹안에 들었습니다.','2023-10-05 20:00:00.757032',_binary '\0','RANKING',12),(246,'랭킹안에 들었습니다.','2023-10-05 20:00:00.759566',_binary '\0','RANKING',18),(247,'랭킹안에 들었습니다.','2023-10-05 20:00:00.772549',_binary '\0','RANKING',18),(248,'랭킹안에 들었습니다.','2023-10-05 20:00:00.811723',_binary '\0','RANKING',18),(249,'랭킹안에 들었습니다.','2023-10-05 20:00:00.853698',_binary '\0','RANKING',18),(250,'랭킹안에 들었습니다.','2023-10-05 20:00:00.853447',_binary '\0','RANKING',18),(251,'랭킹안에 들었습니다.','2023-10-05 20:00:00.873895',_binary '\0','RANKING',18),(252,'랭킹안에 들었습니다.','2023-10-05 20:00:00.873287',_binary '\0','RANKING',18),(253,'랭킹안에 들었습니다.','2023-10-05 20:00:00.913186',_binary '\0','RANKING',18),(254,'랭킹안에 들었습니다.','2023-10-05 20:00:00.931111',_binary '\0','RANKING',18),(255,'랭킹안에 들었습니다.','2023-10-05 20:00:00.963546',_binary '\0','RANKING',18),(256,'랭킹안에 들었습니다.','2023-10-05 20:00:00.942629',_binary '\0','RANKING',18),(257,'랭킹안에 들었습니다.','2023-10-05 20:00:00.973384',_binary '\0','RANKING',18),(258,'랭킹안에 들었습니다.','2023-10-05 20:00:00.997026',_binary '\0','RANKING',18),(259,'랭킹안에 들었습니다.','2023-10-05 20:00:01.008769',_binary '\0','RANKING',11),(260,'랭킹안에 들었습니다.','2023-10-05 20:00:01.014399',_binary '\0','RANKING',11),(261,'랭킹안에 들었습니다.','2023-10-05 20:00:01.068107',_binary '\0','RANKING',11),(262,'랭킹안에 들었습니다.','2023-10-05 21:00:00.066027',_binary '\0','RANKING',18),(263,'랭킹안에 들었습니다.','2023-10-05 21:00:00.069881',_binary '\0','RANKING',18),(264,'랭킹안에 들었습니다.','2023-10-05 21:00:00.092373',_binary '\0','RANKING',18),(265,'랭킹안에 들었습니다.','2023-10-05 21:00:00.120530',_binary '\0','RANKING',9),(266,'랭킹안에 들었습니다.','2023-10-05 21:00:00.119324',_binary '\0','RANKING',9),(267,'랭킹안에 들었습니다.','2023-10-05 21:00:00.149748',_binary '\0','RANKING',18),(268,'랭킹안에 들었습니다.','2023-10-05 21:00:00.154887',_binary '\0','RANKING',18),(269,'랭킹안에 들었습니다.','2023-10-05 21:00:00.207940',_binary '\0','RANKING',12),(270,'랭킹안에 들었습니다.','2023-10-05 21:00:00.207413',_binary '\0','RANKING',12),(271,'랭킹안에 들었습니다.','2023-10-05 21:00:00.211760',_binary '\0','RANKING',18),(272,'랭킹안에 들었습니다.','2023-10-05 21:00:00.213385',_binary '\0','RANKING',18),(273,'랭킹안에 들었습니다.','2023-10-05 21:00:00.166837',_binary '\0','RANKING',9),(274,'랭킹안에 들었습니다.','2023-10-05 21:00:00.215274',_binary '\0','RANKING',18),(275,'랭킹안에 들었습니다.','2023-10-05 21:00:00.249372',_binary '\0','RANKING',18),(276,'랭킹안에 들었습니다.','2023-10-05 21:00:00.252287',_binary '\0','RANKING',18),(277,'랭킹안에 들었습니다.','2023-10-05 21:00:00.253617',_binary '\0','RANKING',18),(278,'랭킹안에 들었습니다.','2023-10-05 21:00:00.394247',_binary '\0','RANKING',18),(279,'랭킹안에 들었습니다.','2023-10-05 21:00:00.474168',_binary '\0','RANKING',18),(280,'랭킹안에 들었습니다.','2023-10-05 21:00:00.474708',_binary '\0','RANKING',18),(281,'랭킹안에 들었습니다.','2023-10-05 21:00:00.460644',_binary '\0','RANKING',12),(282,'랭킹안에 들었습니다.','2023-10-05 21:00:00.601456',_binary '\0','RANKING',18),(283,'랭킹안에 들었습니다.','2023-10-05 21:00:00.579454',_binary '\0','RANKING',18),(284,'랭킹안에 들었습니다.','2023-10-05 21:00:00.547744',_binary '\0','RANKING',18),(285,'랭킹안에 들었습니다.','2023-10-05 21:00:00.687667',_binary '\0','RANKING',18),(286,'랭킹안에 들었습니다.','2023-10-05 21:00:00.785240',_binary '\0','RANKING',18),(287,'랭킹안에 들었습니다.','2023-10-05 21:00:00.770129',_binary '\0','RANKING',18),(288,'랭킹안에 들었습니다.','2023-10-05 21:00:00.788863',_binary '\0','RANKING',11),(289,'랭킹안에 들었습니다.','2023-10-05 21:00:00.773920',_binary '\0','RANKING',18),(290,'랭킹안에 들었습니다.','2023-10-05 21:00:00.778091',_binary '\0','RANKING',18),(291,'랭킹안에 들었습니다.','2023-10-05 21:00:00.782091',_binary '\0','RANKING',18),(292,'랭킹안에 들었습니다.','2023-10-05 21:00:00.834363',_binary '\0','RANKING',11),(293,'랭킹안에 들었습니다.','2023-10-05 21:00:00.837381',_binary '\0','RANKING',21),(294,'랭킹안에 들었습니다.','2023-10-05 21:00:00.850523',_binary '\0','RANKING',18),(295,'랭킹안에 들었습니다.','2023-10-05 21:00:00.894323',_binary '\0','RANKING',21),(296,'랭킹안에 들었습니다.','2023-10-05 21:00:00.901361',_binary '\0','RANKING',11),(297,'랭킹안에 들었습니다.','2023-10-05 21:00:01.008197',_binary '\0','RANKING',21),(298,'랭킹안에 들었습니다.','2023-10-05 21:06:50.475698',_binary '\0','RANKING',18),(299,'랭킹안에 들었습니다.','2023-10-05 21:06:50.551833',_binary '\0','RANKING',9),(300,'랭킹안에 들었습니다.','2023-10-05 21:06:50.590425',_binary '\0','RANKING',18),(301,'랭킹안에 들었습니다.','2023-10-05 21:06:51.877786',_binary '\0','RANKING',12),(302,'랭킹안에 들었습니다.','2023-10-05 21:06:51.913921',_binary '\0','RANKING',18),(303,'랭킹안에 들었습니다.','2023-10-05 21:06:51.996615',_binary '\0','RANKING',18),(304,'랭킹안에 들었습니다.','2023-10-05 21:06:52.041943',_binary '\0','RANKING',18),(305,'랭킹안에 들었습니다.','2023-10-05 21:06:52.078157',_binary '\0','RANKING',18),(306,'랭킹안에 들었습니다.','2023-10-05 21:06:52.108956',_binary '\0','RANKING',18),(307,'랭킹안에 들었습니다.','2023-10-05 21:06:52.160793',_binary '\0','RANKING',18),(308,'랭킹안에 들었습니다.','2023-10-05 21:06:52.216070',_binary '\0','RANKING',11),(309,'랭킹안에 들었습니다.','2023-10-05 21:06:52.264583',_binary '\0','RANKING',21),(310,'랭킹안에 들었습니다.','2023-10-05 21:09:50.342692',_binary '\0','RANKING',18),(311,'랭킹안에 들었습니다.','2023-10-05 21:09:50.460603',_binary '\0','RANKING',9),(312,'랭킹안에 들었습니다.','2023-10-05 21:09:50.533504',_binary '\0','RANKING',18),(313,'랭킹안에 들었습니다.','2023-10-05 21:09:51.384521',_binary '\0','RANKING',12),(314,'랭킹안에 들었습니다.','2023-10-05 21:09:51.415725',_binary '\0','RANKING',18),(315,'랭킹안에 들었습니다.','2023-10-05 21:09:51.494408',_binary '\0','RANKING',18),(316,'랭킹안에 들었습니다.','2023-10-05 21:09:51.520756',_binary '\0','RANKING',18),(317,'랭킹안에 들었습니다.','2023-10-05 21:09:51.556887',_binary '\0','RANKING',18),(318,'랭킹안에 들었습니다.','2023-10-05 21:09:51.586852',_binary '\0','RANKING',18),(319,'랭킹안에 들었습니다.','2023-10-05 21:09:51.627642',_binary '\0','RANKING',18),(320,'랭킹안에 들었습니다.','2023-10-05 21:09:51.669529',_binary '\0','RANKING',11),(321,'랭킹안에 들었습니다.','2023-10-05 21:09:51.723602',_binary '\0','RANKING',21),(322,'랭킹안에 들었습니다.','2023-10-05 21:09:57.063098',_binary '\0','RANKING',18),(323,'랭킹안에 들었습니다.','2023-10-05 21:09:57.124678',_binary '\0','RANKING',9),(324,'랭킹안에 들었습니다.','2023-10-05 21:09:57.158865',_binary '\0','RANKING',18),(325,'랭킹안에 들었습니다.','2023-10-05 21:09:57.799239',_binary '\0','RANKING',12),(326,'랭킹안에 들었습니다.','2023-10-05 21:09:57.822661',_binary '\0','RANKING',18),(327,'랭킹안에 들었습니다.','2023-10-05 21:09:57.888420',_binary '\0','RANKING',18),(328,'랭킹안에 들었습니다.','2023-10-05 21:09:57.914780',_binary '\0','RANKING',18),(329,'랭킹안에 들었습니다.','2023-10-05 21:09:57.941497',_binary '\0','RANKING',18),(330,'랭킹안에 들었습니다.','2023-10-05 21:09:57.966285',_binary '\0','RANKING',18),(331,'랭킹안에 들었습니다.','2023-10-05 21:09:58.014345',_binary '\0','RANKING',18),(332,'랭킹안에 들었습니다.','2023-10-05 21:09:58.058774',_binary '\0','RANKING',11),(333,'랭킹안에 들었습니다.','2023-10-05 21:09:58.102372',_binary '\0','RANKING',21),(334,'랭킹안에 들었습니다.','2023-10-05 21:47:43.110119',_binary '\0','RANKING',18),(335,'랭킹안에 들었습니다.','2023-10-05 21:47:43.231162',_binary '\0','RANKING',9),(336,'랭킹안에 들었습니다.','2023-10-05 21:47:43.293989',_binary '\0','RANKING',18),(337,'랭킹안에 들었습니다.','2023-10-05 21:47:44.250766',_binary '\0','RANKING',12),(338,'랭킹안에 들었습니다.','2023-10-05 21:47:44.306563',_binary '\0','RANKING',18),(339,'랭킹안에 들었습니다.','2023-10-05 21:47:44.302697',_binary '\0','RANKING',18),(340,'랭킹안에 들었습니다.','2023-10-05 21:47:44.343972',_binary '\0','RANKING',12),(341,'랭킹안에 들었습니다.','2023-10-05 21:47:44.369326',_binary '\0','RANKING',9),(342,'랭킹안에 들었습니다.','2023-10-05 21:47:44.408268',_binary '\0','RANKING',21),(343,'랭킹안에 들었습니다.','2023-10-05 21:47:44.415414',_binary '\0','RANKING',18),(344,'랭킹안에 들었습니다.','2023-10-05 21:47:44.581948',_binary '\0','RANKING',18),(345,'랭킹안에 들었습니다.','2023-10-05 21:47:44.690459',_binary '\0','RANKING',18),(346,'랭킹안에 들었습니다.','2023-10-05 21:47:44.717581',_binary '\0','RANKING',9),(347,'랭킹안에 들었습니다.','2023-10-05 21:47:44.748917',_binary '\0','RANKING',18),(348,'랭킹안에 들었습니다.','2023-10-05 21:47:44.795521',_binary '\0','RANKING',18),(349,'랭킹안에 들었습니다.','2023-10-05 21:47:44.874294',_binary '\0','RANKING',18),(350,'랭킹안에 들었습니다.','2023-10-05 21:47:44.968613',_binary '\0','RANKING',11),(351,'랭킹안에 들었습니다.','2023-10-05 21:47:44.997354',_binary '\0','RANKING',18),(352,'랭킹안에 들었습니다.','2023-10-05 21:47:45.050980',_binary '\0','RANKING',21),(353,'랭킹안에 들었습니다.','2023-10-05 21:47:45.183758',_binary '\0','RANKING',12),(354,'랭킹안에 들었습니다.','2023-10-05 21:47:45.215089',_binary '\0','RANKING',18),(355,'랭킹안에 들었습니다.','2023-10-05 21:47:45.252458',_binary '\0','RANKING',12),(356,'랭킹안에 들었습니다.','2023-10-05 21:47:45.350085',_binary '\0','RANKING',21),(357,'랭킹안에 들었습니다.','2023-10-05 21:47:45.426879',_binary '\0','RANKING',18),(358,'랭킹안에 들었습니다.','2023-10-05 21:47:45.475172',_binary '\0','RANKING',18),(359,'랭킹안에 들었습니다.','2023-10-05 21:47:45.517994',_binary '\0','RANKING',9),(360,'랭킹안에 들었습니다.','2023-10-05 21:47:45.552680',_binary '\0','RANKING',18),(361,'랭킹안에 들었습니다.','2023-10-05 21:47:45.578124',_binary '\0','RANKING',18),(362,'랭킹안에 들었습니다.','2023-10-05 21:47:45.646843',_binary '\0','RANKING',18),(363,'랭킹안에 들었습니다.','2023-10-05 21:47:45.721575',_binary '\0','RANKING',11),(364,'랭킹안에 들었습니다.','2023-10-05 21:47:45.756585',_binary '\0','RANKING',18),(365,'랭킹안에 들었습니다.','2023-10-05 21:47:45.837417',_binary '\0','RANKING',21),(366,'랭킹안에 들었습니다.','2023-10-05 22:00:00.178677',_binary '\0','RANKING',18),(367,'랭킹안에 들었습니다.','2023-10-05 22:00:00.533011',_binary '\0','RANKING',9),(368,'랭킹안에 들었습니다.','2023-10-05 22:00:00.599371',_binary '\0','RANKING',18),(369,'랭킹안에 들었습니다.','2023-10-05 22:00:00.628660',_binary '\0','RANKING',12),(370,'랭킹안에 들었습니다.','2023-10-05 22:00:00.631283',_binary '\0','RANKING',18),(371,'랭킹안에 들었습니다.','2023-10-05 22:00:00.633946',_binary '\0','RANKING',12),(372,'랭킹안에 들었습니다.','2023-10-05 22:00:00.696638',_binary '\0','RANKING',21),(373,'랭킹안에 들었습니다.','2023-10-05 22:00:00.706356',_binary '\0','RANKING',18),(374,'랭킹안에 들었습니다.','2023-10-05 22:00:00.708919',_binary '\0','RANKING',18),(375,'랭킹안에 들었습니다.','2023-10-05 22:00:00.716957',_binary '\0','RANKING',9),(376,'랭킹안에 들었습니다.','2023-10-05 22:00:00.735010',_binary '\0','RANKING',18),(377,'랭킹안에 들었습니다.','2023-10-05 22:00:00.722642',_binary '\0','RANKING',18),(378,'랭킹안에 들었습니다.','2023-10-05 22:00:00.769974',_binary '\0','RANKING',18),(379,'랭킹안에 들었습니다.','2023-10-05 22:00:00.781303',_binary '\0','RANKING',9),(380,'랭킹안에 들었습니다.','2023-10-05 22:00:00.779112',_binary '\0','RANKING',18),(381,'랭킹안에 들었습니다.','2023-10-05 22:00:00.784683',_binary '\0','RANKING',18),(382,'랭킹안에 들었습니다.','2023-10-05 22:00:00.827620',_binary '\0','RANKING',11),(383,'랭킹안에 들었습니다.','2023-10-05 22:00:00.830491',_binary '\0','RANKING',18),(384,'랭킹안에 들었습니다.','2023-10-05 22:00:00.839398',_binary '\0','RANKING',21),(385,'랭킹안에 들었습니다.','2023-10-05 22:00:00.847930',_binary '\0','RANKING',12),(386,'랭킹안에 들었습니다.','2023-10-05 22:00:00.850740',_binary '\0','RANKING',18),(387,'랭킹안에 들었습니다.','2023-10-05 22:00:00.853183',_binary '\0','RANKING',12),(388,'랭킹안에 들었습니다.','2023-10-05 22:00:01.055923',_binary '\0','RANKING',21),(389,'랭킹안에 들었습니다.','2023-10-05 22:00:01.077579',_binary '\0','RANKING',18),(390,'랭킹안에 들었습니다.','2023-10-05 22:00:01.087954',_binary '\0','RANKING',18),(391,'랭킹안에 들었습니다.','2023-10-05 22:00:01.091601',_binary '\0','RANKING',9),(392,'랭킹안에 들었습니다.','2023-10-05 22:00:01.099884',_binary '\0','RANKING',18),(393,'랭킹안에 들었습니다.','2023-10-05 22:00:01.103081',_binary '\0','RANKING',18),(394,'랭킹안에 들었습니다.','2023-10-05 22:00:01.146945',_binary '\0','RANKING',18),(395,'랭킹안에 들었습니다.','2023-10-05 22:00:01.200617',_binary '\0','RANKING',11),(396,'랭킹안에 들었습니다.','2023-10-05 22:00:01.204617',_binary '\0','RANKING',18),(397,'랭킹안에 들었습니다.','2023-10-05 22:00:01.228835',_binary '\0','RANKING',21),(398,'랭킹안에 들었습니다.','2023-10-05 23:00:00.065056',_binary '\0','RANKING',18),(399,'랭킹안에 들었습니다.','2023-10-05 23:00:00.111756',_binary '\0','RANKING',9),(400,'랭킹안에 들었습니다.','2023-10-05 23:00:00.364978',_binary '\0','RANKING',18),(401,'랭킹안에 들었습니다.','2023-10-05 23:00:00.408588',_binary '\0','RANKING',18),(402,'랭킹안에 들었습니다.','2023-10-05 23:00:00.440791',_binary '\0','RANKING',12),(403,'랭킹안에 들었습니다.','2023-10-05 23:00:00.461433',_binary '\0','RANKING',18),(404,'랭킹안에 들었습니다.','2023-10-05 23:00:00.514233',_binary '\0','RANKING',12),(405,'랭킹안에 들었습니다.','2023-10-05 23:00:00.530583',_binary '\0','RANKING',9),(406,'랭킹안에 들었습니다.','2023-10-05 23:00:00.531305',_binary '\0','RANKING',21),(407,'랭킹안에 들었습니다.','2023-10-05 23:00:00.537277',_binary '\0','RANKING',18),(408,'랭킹안에 들었습니다.','2023-10-05 23:00:00.600702',_binary '\0','RANKING',18),(409,'랭킹안에 들었습니다.','2023-10-05 23:00:00.603853',_binary '\0','RANKING',18),(410,'랭킹안에 들었습니다.','2023-10-05 23:00:00.606278',_binary '\0','RANKING',18),(411,'랭킹안에 들었습니다.','2023-10-05 23:00:00.608687',_binary '\0','RANKING',9),(412,'랭킹안에 들었습니다.','2023-10-05 23:00:00.610984',_binary '\0','RANKING',18),(413,'랭킹안에 들었습니다.','2023-10-05 23:00:00.620226',_binary '\0','RANKING',12),(414,'랭킹안에 들었습니다.','2023-10-05 23:00:00.619019',_binary '\0','RANKING',18),(415,'랭킹안에 들었습니다.','2023-10-05 23:00:00.627225',_binary '\0','RANKING',18),(416,'랭킹안에 들었습니다.','2023-10-05 23:00:00.628019',_binary '\0','RANKING',20),(417,'랭킹안에 들었습니다.','2023-10-05 23:00:00.632721',_binary '\0','RANKING',12),(418,'랭킹안에 들었습니다.','2023-10-05 23:00:00.677510',_binary '\0','RANKING',11),(419,'랭킹안에 들었습니다.','2023-10-05 23:00:00.682332',_binary '\0','RANKING',18),(420,'랭킹안에 들었습니다.','2023-10-05 23:00:00.688711',_binary '\0','RANKING',21),(421,'랭킹안에 들었습니다.','2023-10-05 23:00:00.692905',_binary '\0','RANKING',21),(422,'랭킹안에 들었습니다.','2023-10-05 23:00:00.727186',_binary '\0','RANKING',18),(423,'랭킹안에 들었습니다.','2023-10-05 23:00:00.827092',_binary '\0','RANKING',18),(424,'랭킹안에 들었습니다.','2023-10-05 23:00:00.838027',_binary '\0','RANKING',18),(425,'랭킹안에 들었습니다.','2023-10-05 23:00:00.864366',_binary '\0','RANKING',9),(426,'랭킹안에 들었습니다.','2023-10-05 23:00:00.871027',_binary '\0','RANKING',18),(427,'랭킹안에 들었습니다.','2023-10-05 23:00:00.933512',_binary '\0','RANKING',18),(428,'랭킹안에 들었습니다.','2023-10-05 23:00:01.001631',_binary '\0','RANKING',20),(429,'랭킹안에 들었습니다.','2023-10-05 23:00:01.124913',_binary '\0','RANKING',11),(430,'랭킹안에 들었습니다.','2023-10-05 23:00:01.167543',_binary '\0','RANKING',18),(431,'랭킹안에 들었습니다.','2023-10-05 23:00:01.200538',_binary '\0','RANKING',21),(432,'랭킹안에 들었습니다.','2023-10-06 00:00:00.189411',_binary '\0','RANKING',18),(433,'랭킹안에 들었습니다.','2023-10-06 00:00:00.189619',_binary '\0','RANKING',18),(434,'랭킹안에 들었습니다.','2023-10-06 00:00:00.242004',_binary '\0','RANKING',9),(435,'랭킹안에 들었습니다.','2023-10-06 00:00:00.313902',_binary '\0','RANKING',18),(436,'랭킹안에 들었습니다.','2023-10-06 00:00:00.343016',_binary '\0','RANKING',9),(437,'랭킹안에 들었습니다.','2023-10-06 00:00:00.354510',_binary '\0','RANKING',18),(438,'랭킹안에 들었습니다.','2023-10-06 00:00:00.486832',_binary '\0','RANKING',12),(439,'랭킹안에 들었습니다.','2023-10-06 00:00:00.495003',_binary '\0','RANKING',18),(440,'랭킹안에 들었습니다.','2023-10-06 00:00:00.511218',_binary '\0','RANKING',12),(441,'랭킹안에 들었습니다.','2023-10-06 00:00:00.604238',_binary '\0','RANKING',12),(442,'랭킹안에 들었습니다.','2023-10-06 00:00:00.610010',_binary '\0','RANKING',21),(443,'랭킹안에 들었습니다.','2023-10-06 00:00:00.612382',_binary '\0','RANKING',18),(444,'랭킹안에 들었습니다.','2023-10-06 00:00:00.617691',_binary '\0','RANKING',18),(445,'랭킹안에 들었습니다.','2023-10-06 00:00:00.616669',_binary '\0','RANKING',12),(446,'랭킹안에 들었습니다.','2023-10-06 00:00:00.619985',_binary '\0','RANKING',18),(447,'랭킹안에 들었습니다.','2023-10-06 00:00:00.622239',_binary '\0','RANKING',18),(448,'랭킹안에 들었습니다.','2023-10-06 00:00:00.624436',_binary '\0','RANKING',9),(449,'랭킹안에 들었습니다.','2023-10-06 00:00:00.629140',_binary '\0','RANKING',18),(450,'랭킹안에 들었습니다.','2023-10-06 00:00:00.637044',_binary '\0','RANKING',18),(451,'랭킹안에 들었습니다.','2023-10-06 00:00:00.695599',_binary '\0','RANKING',21),(452,'랭킹안에 들었습니다.','2023-10-06 00:00:00.716021',_binary '\0','RANKING',20),(453,'랭킹안에 들었습니다.','2023-10-06 00:00:00.715564',_binary '\0','RANKING',18),(454,'랭킹안에 들었습니다.','2023-10-06 00:00:00.721408',_binary '\0','RANKING',18),(455,'랭킹안에 들었습니다.','2023-10-06 00:00:00.726739',_binary '\0','RANKING',18),(456,'랭킹안에 들었습니다.','2023-10-06 00:00:00.732330',_binary '\0','RANKING',9),(457,'랭킹안에 들었습니다.','2023-10-06 00:00:00.736293',_binary '\0','RANKING',18),(458,'랭킹안에 들었습니다.','2023-10-06 00:00:00.740240',_binary '\0','RANKING',11),(459,'랭킹안에 들었습니다.','2023-10-06 00:00:00.800747',_binary '\0','RANKING',18),(460,'랭킹안에 들었습니다.','2023-10-06 00:00:00.811698',_binary '\0','RANKING',21),(461,'랭킹안에 들었습니다.','2023-10-06 00:00:00.808502',_binary '\0','RANKING',18),(462,'랭킹안에 들었습니다.','2023-10-06 00:00:00.952519',_binary '\0','RANKING',20),(463,'랭킹안에 들었습니다.','2023-10-06 00:00:01.046627',_binary '\0','RANKING',11),(464,'랭킹안에 들었습니다.','2023-10-06 00:00:01.055256',_binary '\0','RANKING',18),(465,'랭킹안에 들었습니다.','2023-10-06 00:00:01.072069',_binary '\0','RANKING',21),(466,'랭킹안에 들었습니다.','2023-10-06 01:00:00.398879',_binary '\0','RANKING',18),(467,'랭킹안에 들었습니다.','2023-10-06 01:00:00.398085',_binary '\0','RANKING',18),(468,'랭킹안에 들었습니다.','2023-10-06 01:00:00.502439',_binary '\0','RANKING',9),(469,'랭킹안에 들었습니다.','2023-10-06 01:00:00.505177',_binary '\0','RANKING',18),(470,'랭킹안에 들었습니다.','2023-10-06 01:00:00.506540',_binary '\0','RANKING',9),(471,'랭킹안에 들었습니다.','2023-10-06 01:00:00.515134',_binary '\0','RANKING',18),(472,'랭킹안에 들었습니다.','2023-10-06 01:00:00.578979',_binary '\0','RANKING',18),(473,'랭킹안에 들었습니다.','2023-10-06 01:00:00.579724',_binary '\0','RANKING',18),(474,'랭킹안에 들었습니다.','2023-10-06 01:00:00.622335',_binary '\0','RANKING',21),(475,'랭킹안에 들었습니다.','2023-10-06 01:00:00.623843',_binary '\0','RANKING',21),(476,'랭킹안에 들었습니다.','2023-10-06 01:00:00.629631',_binary '\0','RANKING',18),(477,'랭킹안에 들었습니다.','2023-10-06 01:00:00.631800',_binary '\0','RANKING',18),(478,'랭킹안에 들었습니다.','2023-10-06 01:00:00.634081',_binary '\0','RANKING',18),(479,'랭킹안에 들었습니다.','2023-10-06 01:00:00.636213',_binary '\0','RANKING',9),(480,'랭킹안에 들었습니다.','2023-10-06 01:00:00.636145',_binary '\0','RANKING',18),(481,'랭킹안에 들었습니다.','2023-10-06 01:00:00.638981',_binary '\0','RANKING',18),(482,'랭킹안에 들었습니다.','2023-10-06 01:00:00.641999',_binary '\0','RANKING',18),(483,'랭킹안에 들었습니다.','2023-10-06 01:00:00.644423',_binary '\0','RANKING',18),(484,'랭킹안에 들었습니다.','2023-10-06 01:00:00.647076',_binary '\0','RANKING',18),(485,'랭킹안에 들었습니다.','2023-10-06 01:00:00.646894',_binary '\0','RANKING',9),(486,'랭킹안에 들었습니다.','2023-10-06 01:00:00.649440',_binary '\0','RANKING',18),(487,'랭킹안에 들었습니다.','2023-10-06 01:00:00.654566',_binary '\0','RANKING',20),(488,'랭킹안에 들었습니다.','2023-10-06 01:00:00.666099',_binary '\0','RANKING',18),(489,'랭킹안에 들었습니다.','2023-10-06 01:00:00.667954',_binary '\0','RANKING',11),(490,'랭킹안에 들었습니다.','2023-10-06 01:00:00.670565',_binary '\0','RANKING',18),(491,'랭킹안에 들었습니다.','2023-10-06 01:00:00.675309',_binary '\0','RANKING',20),(492,'랭킹안에 들었습니다.','2023-10-06 01:00:00.689963',_binary '\0','RANKING',21),(493,'랭킹안에 들었습니다.','2023-10-06 01:00:00.811162',_binary '\0','RANKING',11),(494,'랭킹안에 들었습니다.','2023-10-06 01:00:00.814068',_binary '\0','RANKING',18),(495,'랭킹안에 들었습니다.','2023-10-06 01:00:00.823700',_binary '\0','RANKING',21),(496,'랭킹안에 들었습니다.','2023-10-06 02:00:00.177167',_binary '\0','RANKING',18),(497,'랭킹안에 들었습니다.','2023-10-06 02:00:00.278794',_binary '\0','RANKING',18),(498,'랭킹안에 들었습니다.','2023-10-06 02:00:00.279753',_binary '\0','RANKING',9),(499,'랭킹안에 들었습니다.','2023-10-06 02:00:00.307178',_binary '\0','RANKING',18),(500,'랭킹안에 들었습니다.','2023-10-06 02:00:00.491230',_binary '\0','RANKING',18),(501,'랭킹안에 들었습니다.','2023-10-06 02:00:00.506144',_binary '\0','RANKING',9),(502,'랭킹안에 들었습니다.','2023-10-06 02:00:00.506412',_binary '\0','RANKING',18),(503,'랭킹안에 들었습니다.','2023-10-06 02:00:00.508877',_binary '\0','RANKING',18),(504,'랭킹안에 들었습니다.','2023-10-06 02:00:00.537059',_binary '\0','RANKING',18),(505,'랭킹안에 들었습니다.','2023-10-06 02:00:00.546741',_binary '\0','RANKING',18),(506,'랭킹안에 들었습니다.','2023-10-06 02:00:00.550804',_binary '\0','RANKING',18),(507,'랭킹안에 들었습니다.','2023-10-06 02:00:00.565991',_binary '\0','RANKING',18),(508,'랭킹안에 들었습니다.','2023-10-06 02:00:00.598060',_binary '\0','RANKING',18),(509,'랭킹안에 들었습니다.','2023-10-06 02:00:00.600433',_binary '\0','RANKING',18),(510,'랭킹안에 들었습니다.','2023-10-06 02:00:00.602650',_binary '\0','RANKING',18),(511,'랭킹안에 들었습니다.','2023-10-06 02:00:00.573850',_binary '\0','RANKING',18),(512,'랭킹안에 들었습니다.','2023-10-06 02:00:00.614584',_binary '\0','RANKING',18),(513,'랭킹안에 들었습니다.','2023-10-06 02:00:00.616988',_binary '\0','RANKING',18),(514,'랭킹안에 들었습니다.','2023-10-06 02:00:00.617185',_binary '\0','RANKING',18),(515,'랭킹안에 들었습니다.','2023-10-06 02:00:00.626578',_binary '\0','RANKING',20),(516,'랭킹안에 들었습니다.','2023-10-06 02:00:00.629910',_binary '\0','RANKING',18),(517,'랭킹안에 들었습니다.','2023-10-06 02:00:00.640343',_binary '\0','RANKING',20),(518,'랭킹안에 들었습니다.','2023-10-06 02:00:00.640952',_binary '\0','RANKING',11),(519,'랭킹안에 들었습니다.','2023-10-06 02:00:00.659670',_binary '\0','RANKING',18),(520,'랭킹안에 들었습니다.','2023-10-06 02:00:00.703889',_binary '\0','RANKING',20),(521,'랭킹안에 들었습니다.','2023-10-06 02:00:00.709782',_binary '\0','RANKING',11),(522,'랭킹안에 들었습니다.','2023-10-06 02:00:00.714699',_binary '\0','RANKING',18),(523,'랭킹안에 들었습니다.','2023-10-06 02:00:00.718770',_binary '\0','RANKING',21),(524,'랭킹안에 들었습니다.','2023-10-06 02:00:00.719200',_binary '\0','RANKING',20),(525,'랭킹안에 들었습니다.','2023-10-06 02:00:00.734600',_binary '\0','RANKING',21),(526,'랭킹안에 들었습니다.','2023-10-06 03:00:00.228246',_binary '\0','RANKING',18),(527,'랭킹안에 들었습니다.','2023-10-06 03:00:00.278600',_binary '\0','RANKING',9),(528,'랭킹안에 들었습니다.','2023-10-06 03:00:00.317866',_binary '\0','RANKING',18),(529,'랭킹안에 들었습니다.','2023-10-06 03:00:00.541291',_binary '\0','RANKING',18),(530,'랭킹안에 들었습니다.','2023-10-06 03:00:00.522246',_binary '\0','RANKING',18),(531,'랭킹안에 들었습니다.','2023-10-06 03:00:00.609360',_binary '\0','RANKING',18),(532,'랭킹안에 들었습니다.','2023-10-06 03:00:00.618149',_binary '\0','RANKING',9),(533,'랭킹안에 들었습니다.','2023-10-06 03:00:00.622042',_binary '\0','RANKING',18),(534,'랭킹안에 들었습니다.','2023-10-06 03:00:00.624281',_binary '\0','RANKING',18),(535,'랭킹안에 들었습니다.','2023-10-06 03:00:00.626397',_binary '\0','RANKING',18),(536,'랭킹안에 들었습니다.','2023-10-06 03:00:00.624831',_binary '\0','RANKING',18),(537,'랭킹안에 들었습니다.','2023-10-06 03:00:00.628498',_binary '\0','RANKING',18),(538,'랭킹안에 들었습니다.','2023-10-06 03:00:00.687708',_binary '\0','RANKING',18),(539,'랭킹안에 들었습니다.','2023-10-06 03:00:00.683258',_binary '\0','RANKING',18),(540,'랭킹안에 들었습니다.','2023-10-06 03:00:00.696356',_binary '\0','RANKING',18),(541,'랭킹안에 들었습니다.','2023-10-06 03:00:00.809250',_binary '\0','RANKING',20),(542,'랭킹안에 들었습니다.','2023-10-06 03:00:00.812239',_binary '\0','RANKING',18),(543,'랭킹안에 들었습니다.','2023-10-06 03:00:00.816275',_binary '\0','RANKING',18),(544,'랭킹안에 들었습니다.','2023-10-06 03:00:00.818913',_binary '\0','RANKING',18),(545,'랭킹안에 들었습니다.','2023-10-06 03:00:00.821608',_binary '\0','RANKING',18),(546,'랭킹안에 들었습니다.','2023-10-06 03:00:00.875129',_binary '\0','RANKING',11),(547,'랭킹안에 들었습니다.','2023-10-06 03:00:00.879983',_binary '\0','RANKING',18),(548,'랭킹안에 들었습니다.','2023-10-06 03:00:00.879742',_binary '\0','RANKING',18),(549,'랭킹안에 들었습니다.','2023-10-06 03:00:00.884575',_binary '\0','RANKING',20),(550,'랭킹안에 들었습니다.','2023-10-06 03:00:00.895992',_binary '\0','RANKING',20),(551,'랭킹안에 들었습니다.','2023-10-06 03:00:00.921404',_binary '\0','RANKING',21),(552,'랭킹안에 들었습니다.','2023-10-06 03:00:00.964635',_binary '\0','RANKING',11),(553,'랭킹안에 들었습니다.','2023-10-06 03:00:00.967114',_binary '\0','RANKING',18),(554,'랭킹안에 들었습니다.','2023-10-06 03:00:00.969277',_binary '\0','RANKING',20),(555,'랭킹안에 들었습니다.','2023-10-06 03:00:01.218603',_binary '\0','RANKING',21),(556,'랭킹안에 들었습니다.','2023-10-06 03:35:16.211307',_binary '\0','RANKING',18),(557,'랭킹안에 들었습니다.','2023-10-06 03:35:16.294609',_binary '\0','RANKING',9),(558,'랭킹안에 들었습니다.','2023-10-06 03:35:16.364589',_binary '\0','RANKING',18),(559,'랭킹안에 들었습니다.','2023-10-06 03:35:17.265486',_binary '\0','RANKING',18),(560,'랭킹안에 들었습니다.','2023-10-06 03:35:17.314751',_binary '\0','RANKING',18),(561,'랭킹안에 들었습니다.','2023-10-06 03:35:17.423992',_binary '\0','RANKING',18),(562,'랭킹안에 들었습니다.','2023-10-06 03:35:17.474500',_binary '\0','RANKING',18),(563,'랭킹안에 들었습니다.','2023-10-06 03:35:17.606122',_binary '\0','RANKING',18),(564,'랭킹안에 들었습니다.','2023-10-06 03:35:17.642068',_binary '\0','RANKING',18),(565,'랭킹안에 들었습니다.','2023-10-06 03:35:17.759468',_binary '\0','RANKING',18),(566,'랭킹안에 들었습니다.','2023-10-06 03:35:17.797061',_binary '\0','RANKING',20),(567,'랭킹안에 들었습니다.','2023-10-06 03:35:17.861724',_binary '\0','RANKING',11),(568,'랭킹안에 들었습니다.','2023-10-06 03:35:17.898449',_binary '\0','RANKING',18),(569,'랭킹안에 들었습니다.','2023-10-06 03:35:17.941784',_binary '\0','RANKING',20),(570,'랭킹안에 들었습니다.','2023-10-06 03:35:18.018895',_binary '\0','RANKING',21),(571,'랭킹안에 들었습니다.','2023-10-06 04:00:00.114213',_binary '\0','RANKING',18),(572,'랭킹안에 들었습니다.','2023-10-06 04:00:00.267515',_binary '\0','RANKING',18),(573,'랭킹안에 들었습니다.','2023-10-06 04:00:00.292723',_binary '\0','RANKING',9),(574,'랭킹안에 들었습니다.','2023-10-06 04:00:00.301311',_binary '\0','RANKING',18),(575,'랭킹안에 들었습니다.','2023-10-06 04:00:00.441342',_binary '\0','RANKING',9),(576,'랭킹안에 들었습니다.','2023-10-06 04:00:00.442197',_binary '\0','RANKING',18),(577,'랭킹안에 들었습니다.','2023-10-06 04:00:00.457240',_binary '\0','RANKING',18),(578,'랭킹안에 들었습니다.','2023-10-06 04:00:00.456920',_binary '\0','RANKING',18),(579,'랭킹안에 들었습니다.','2023-10-06 04:00:00.532947',_binary '\0','RANKING',18),(580,'랭킹안에 들었습니다.','2023-10-06 04:00:00.536233',_binary '\0','RANKING',18),(581,'랭킹안에 들었습니다.','2023-10-06 04:00:00.547163',_binary '\0','RANKING',18),(582,'랭킹안에 들었습니다.','2023-10-06 04:00:00.549467',_binary '\0','RANKING',18),(583,'랭킹안에 들었습니다.','2023-10-06 04:00:00.552050',_binary '\0','RANKING',18),(584,'랭킹안에 들었습니다.','2023-10-06 04:00:00.555223',_binary '\0','RANKING',18),(585,'랭킹안에 들었습니다.','2023-10-06 04:00:00.557835',_binary '\0','RANKING',18),(586,'랭킹안에 들었습니다.','2023-10-06 04:00:00.561138',_binary '\0','RANKING',18),(587,'랭킹안에 들었습니다.','2023-10-06 04:00:00.562135',_binary '\0','RANKING',18),(588,'랭킹안에 들었습니다.','2023-10-06 04:00:00.565389',_binary '\0','RANKING',18),(589,'랭킹안에 들었습니다.','2023-10-06 04:00:00.579600',_binary '\0','RANKING',18),(590,'랭킹안에 들었습니다.','2023-10-06 04:00:00.570785',_binary '\0','RANKING',18),(591,'랭킹안에 들었습니다.','2023-10-06 04:00:00.574624',_binary '\0','RANKING',20),(592,'랭킹안에 들었습니다.','2023-10-06 04:00:00.638407',_binary '\0','RANKING',18),(593,'랭킹안에 들었습니다.','2023-10-06 04:00:00.657186',_binary '\0','RANKING',9),(594,'랭킹안에 들었습니다.','2023-10-06 04:00:00.646954',_binary '\0','RANKING',11),(595,'랭킹안에 들었습니다.','2023-10-06 04:00:00.662784',_binary '\0','RANKING',18),(596,'랭킹안에 들었습니다.','2023-10-06 04:00:00.651340',_binary '\0','RANKING',18),(597,'랭킹안에 들었습니다.','2023-10-06 04:00:00.653539',_binary '\0','RANKING',20),(598,'랭킹안에 들었습니다.','2023-10-06 04:00:00.659374',_binary '\0','RANKING',20),(599,'랭킹안에 들었습니다.','2023-10-06 04:00:00.668451',_binary '\0','RANKING',21),(600,'랭킹안에 들었습니다.','2023-10-06 04:00:00.691539',_binary '\0','RANKING',18),(601,'랭킹안에 들었습니다.','2023-10-06 04:00:00.702306',_binary '\0','RANKING',18),(602,'랭킹안에 들었습니다.','2023-10-06 04:00:00.690214',_binary '\0','RANKING',11),(603,'랭킹안에 들었습니다.','2023-10-06 04:00:00.702711',_binary '\0','RANKING',18),(604,'랭킹안에 들었습니다.','2023-10-06 04:00:00.705987',_binary '\0','RANKING',20),(605,'랭킹안에 들었습니다.','2023-10-06 04:00:00.732321',_binary '\0','RANKING',21),(606,'랭킹안에 들었습니다.','2023-10-06 04:00:00.753350',_binary '\0','RANKING',18),(607,'랭킹안에 들었습니다.','2023-10-06 04:00:00.781439',_binary '\0','RANKING',18),(608,'랭킹안에 들었습니다.','2023-10-06 04:00:00.830168',_binary '\0','RANKING',18),(609,'랭킹안에 들었습니다.','2023-10-06 04:00:00.851790',_binary '\0','RANKING',18),(610,'랭킹안에 들었습니다.','2023-10-06 04:00:00.876211',_binary '\0','RANKING',18),(611,'랭킹안에 들었습니다.','2023-10-06 04:00:01.058646',_binary '\0','RANKING',20),(612,'랭킹안에 들었습니다.','2023-10-06 04:00:01.322031',_binary '\0','RANKING',11),(613,'랭킹안에 들었습니다.','2023-10-06 04:00:01.341528',_binary '\0','RANKING',18),(614,'랭킹안에 들었습니다.','2023-10-06 04:00:01.348458',_binary '\0','RANKING',20),(615,'랭킹안에 들었습니다.','2023-10-06 04:00:01.451036',_binary '\0','RANKING',21),(616,'랭킹안에 들었습니다.','2023-10-06 05:00:00.161725',_binary '\0','RANKING',18),(617,'랭킹안에 들었습니다.','2023-10-06 05:00:00.162983',_binary '\0','RANKING',18),(618,'랭킹안에 들었습니다.','2023-10-06 05:00:00.320365',_binary '\0','RANKING',18),(619,'랭킹안에 들었습니다.','2023-10-06 05:00:00.351107',_binary '\0','RANKING',9),(620,'랭킹안에 들었습니다.','2023-10-06 05:00:00.314737',_binary '\0','RANKING',9),(621,'랭킹안에 들었습니다.','2023-10-06 05:00:00.362858',_binary '\0','RANKING',18),(622,'랭킹안에 들었습니다.','2023-10-06 05:00:00.363978',_binary '\0','RANKING',18),(623,'랭킹안에 들었습니다.','2023-10-06 05:00:00.451166',_binary '\0','RANKING',9),(624,'랭킹안에 들었습니다.','2023-10-06 05:00:00.443724',_binary '\0','RANKING',18),(625,'랭킹안에 들었습니다.','2023-10-06 05:00:00.443646',_binary '\0','RANKING',18),(626,'랭킹안에 들었습니다.','2023-10-06 05:00:00.455799',_binary '\0','RANKING',18),(627,'랭킹안에 들었습니다.','2023-10-06 05:00:00.470011',_binary '\0','RANKING',18),(628,'랭킹안에 들었습니다.','2023-10-06 05:00:00.469317',_binary '\0','RANKING',18),(629,'랭킹안에 들었습니다.','2023-10-06 05:00:00.485506',_binary '\0','RANKING',18),(630,'랭킹안에 들었습니다.','2023-10-06 05:00:00.531211',_binary '\0','RANKING',18),(631,'랭킹안에 들었습니다.','2023-10-06 05:00:00.576379',_binary '\0','RANKING',18),(632,'랭킹안에 들었습니다.','2023-10-06 05:00:00.547733',_binary '\0','RANKING',18),(633,'랭킹안에 들었습니다.','2023-10-06 05:00:00.582327',_binary '\0','RANKING',18),(634,'랭킹안에 들었습니다.','2023-10-06 05:00:00.585548',_binary '\0','RANKING',18),(635,'랭킹안에 들었습니다.','2023-10-06 05:00:00.592041',_binary '\0','RANKING',18),(636,'랭킹안에 들었습니다.','2023-10-06 05:00:00.625666',_binary '\0','RANKING',18),(637,'랭킹안에 들었습니다.','2023-10-06 05:00:00.590395',_binary '\0','RANKING',18),(638,'랭킹안에 들었습니다.','2023-10-06 05:00:00.583780',_binary '\0','RANKING',18),(639,'랭킹안에 들었습니다.','2023-10-06 05:00:00.635424',_binary '\0','RANKING',18),(640,'랭킹안에 들었습니다.','2023-10-06 05:00:00.636215',_binary '\0','RANKING',18),(641,'랭킹안에 들었습니다.','2023-10-06 05:00:00.639893',_binary '\0','RANKING',18),(642,'랭킹안에 들었습니다.','2023-10-06 05:00:00.643422',_binary '\0','RANKING',18),(643,'랭킹안에 들었습니다.','2023-10-06 05:00:00.644760',_binary '\0','RANKING',18),(644,'랭킹안에 들었습니다.','2023-10-06 05:00:00.646459',_binary '\0','RANKING',18),(645,'랭킹안에 들었습니다.','2023-10-06 05:00:00.652714',_binary '\0','RANKING',20),(646,'랭킹안에 들었습니다.','2023-10-06 05:00:00.658826',_binary '\0','RANKING',18),(647,'랭킹안에 들었습니다.','2023-10-06 05:00:00.673768',_binary '\0','RANKING',18),(648,'랭킹안에 들었습니다.','2023-10-06 05:00:00.682451',_binary '\0','RANKING',18),(649,'랭킹안에 들었습니다.','2023-10-06 05:00:00.681933',_binary '\0','RANKING',11),(650,'랭킹안에 들었습니다.','2023-10-06 05:00:00.687616',_binary '\0','RANKING',18),(651,'랭킹안에 들었습니다.','2023-10-06 05:00:00.684024',_binary '\0','RANKING',20),(652,'랭킹안에 들었습니다.','2023-10-06 05:00:00.685054',_binary '\0','RANKING',18),(653,'랭킹안에 들었습니다.','2023-10-06 05:00:00.691560',_binary '\0','RANKING',18),(654,'랭킹안에 들었습니다.','2023-10-06 05:00:00.687062',_binary '\0','RANKING',20),(655,'랭킹안에 들었습니다.','2023-10-06 05:00:00.695571',_binary '\0','RANKING',18),(656,'랭킹안에 들었습니다.','2023-10-06 05:00:00.722633',_binary '\0','RANKING',18),(657,'랭킹안에 들었습니다.','2023-10-06 05:00:00.708274',_binary '\0','RANKING',21),(658,'랭킹안에 들었습니다.','2023-10-06 05:00:00.754642',_binary '\0','RANKING',11),(659,'랭킹안에 들었습니다.','2023-10-06 05:00:00.768634',_binary '\0','RANKING',18),(660,'랭킹안에 들었습니다.','2023-10-06 05:00:00.776913',_binary '\0','RANKING',20),(661,'랭킹안에 들었습니다.','2023-10-06 05:00:00.775966',_binary '\0','RANKING',20),(662,'랭킹안에 들었습니다.','2023-10-06 05:00:00.900144',_binary '\0','RANKING',11),(663,'랭킹안에 들었습니다.','2023-10-06 05:00:00.839337',_binary '\0','RANKING',21),(664,'랭킹안에 들었습니다.','2023-10-06 05:00:00.903981',_binary '\0','RANKING',18),(665,'랭킹안에 들었습니다.','2023-10-06 05:00:00.964962',_binary '\0','RANKING',20),(666,'랭킹안에 들었습니다.','2023-10-06 05:00:00.997605',_binary '\0','RANKING',21),(667,'랭킹안에 들었습니다.','2023-10-06 06:00:00.372137',_binary '\0','RANKING',18),(668,'랭킹안에 들었습니다.','2023-10-06 06:00:00.363589',_binary '\0','RANKING',18),(669,'랭킹안에 들었습니다.','2023-10-06 06:00:00.502640',_binary '\0','RANKING',9),(670,'랭킹안에 들었습니다.','2023-10-06 06:00:00.505330',_binary '\0','RANKING',18),(671,'랭킹안에 들었습니다.','2023-10-06 06:00:00.510255',_binary '\0','RANKING',9),(672,'랭킹안에 들었습니다.','2023-10-06 06:00:00.512836',_binary '\0','RANKING',18),(673,'랭킹안에 들었습니다.','2023-10-06 06:00:00.514996',_binary '\0','RANKING',18),(674,'랭킹안에 들었습니다.','2023-10-06 06:00:00.516754',_binary '\0','RANKING',18),(675,'랭킹안에 들었습니다.','2023-10-06 06:00:00.519285',_binary '\0','RANKING',18),(676,'랭킹안에 들었습니다.','2023-10-06 06:00:00.529916',_binary '\0','RANKING',18),(677,'랭킹안에 들었습니다.','2023-10-06 06:00:00.531926',_binary '\0','RANKING',18),(678,'랭킹안에 들었습니다.','2023-10-06 06:00:00.533918',_binary '\0','RANKING',18),(679,'랭킹안에 들었습니다.','2023-10-06 06:00:00.535967',_binary '\0','RANKING',18),(680,'랭킹안에 들었습니다.','2023-10-06 06:00:00.537949',_binary '\0','RANKING',18),(681,'랭킹안에 들었습니다.','2023-10-06 06:00:00.544020',_binary '\0','RANKING',18),(682,'랭킹안에 들었습니다.','2023-10-06 06:00:00.548859',_binary '\0','RANKING',18),(683,'랭킹안에 들었습니다.','2023-10-06 06:00:00.544678',_binary '\0','RANKING',18),(684,'랭킹안에 들었습니다.','2023-10-06 06:00:00.553774',_binary '\0','RANKING',18),(685,'랭킹안에 들었습니다.','2023-10-06 06:00:00.552857',_binary '\0','RANKING',20),(686,'랭킹안에 들었습니다.','2023-10-06 06:00:00.555938',_binary '\0','RANKING',18),(687,'랭킹안에 들었습니다.','2023-10-06 06:00:00.566228',_binary '\0','RANKING',11),(688,'랭킹안에 들었습니다.','2023-10-06 06:00:00.567528',_binary '\0','RANKING',9),(689,'랭킹안에 들었습니다.','2023-10-06 06:00:00.569422',_binary '\0','RANKING',18),(690,'랭킹안에 들었습니다.','2023-10-06 06:00:00.572068',_binary '\0','RANKING',20),(691,'랭킹안에 들었습니다.','2023-10-06 06:00:00.571288',_binary '\0','RANKING',18),(692,'랭킹안에 들었습니다.','2023-10-06 06:00:00.596848',_binary '\0','RANKING',18),(693,'랭킹안에 들었습니다.','2023-10-06 06:00:00.587277',_binary '\0','RANKING',18),(694,'랭킹안에 들었습니다.','2023-10-06 06:00:00.636125',_binary '\0','RANKING',18),(695,'랭킹안에 들었습니다.','2023-10-06 06:00:00.642650',_binary '\0','RANKING',18),(696,'랭킹안에 들었습니다.','2023-10-06 06:00:00.635423',_binary '\0','RANKING',18),(697,'랭킹안에 들었습니다.','2023-10-06 06:00:00.666561',_binary '\0','RANKING',21),(698,'랭킹안에 들었습니다.','2023-10-06 06:00:00.670779',_binary '\0','RANKING',18),(699,'랭킹안에 들었습니다.','2023-10-06 06:00:00.667311',_binary '\0','RANKING',18),(700,'랭킹안에 들었습니다.','2023-10-06 06:00:00.680777',_binary '\0','RANKING',18),(701,'랭킹안에 들었습니다.','2023-10-06 06:00:00.694032',_binary '\0','RANKING',18),(702,'랭킹안에 들었습니다.','2023-10-06 06:00:00.700882',_binary '\0','RANKING',18),(703,'랭킹안에 들었습니다.','2023-10-06 06:00:00.713570',_binary '\0','RANKING',18),(704,'랭킹안에 들었습니다.','2023-10-06 06:00:00.707410',_binary '\0','RANKING',18),(705,'랭킹안에 들었습니다.','2023-10-06 06:00:00.721407',_binary '\0','RANKING',18),(706,'랭킹안에 들었습니다.','2023-10-06 06:00:00.745958',_binary '\0','RANKING',18),(707,'랭킹안에 들었습니다.','2023-10-06 06:00:00.758111',_binary '\0','RANKING',18),(708,'랭킹안에 들었습니다.','2023-10-06 06:00:00.766827',_binary '\0','RANKING',20),(709,'랭킹안에 들었습니다.','2023-10-06 06:00:00.812715',_binary '\0','RANKING',20),(710,'랭킹안에 들었습니다.','2023-10-06 06:00:00.860418',_binary '\0','RANKING',11),(711,'랭킹안에 들었습니다.','2023-10-06 06:00:00.867001',_binary '\0','RANKING',18),(712,'랭킹안에 들었습니다.','2023-10-06 06:00:00.889599',_binary '\0','RANKING',20),(713,'랭킹안에 들었습니다.','2023-10-06 06:00:00.883672',_binary '\0','RANKING',11),(714,'랭킹안에 들었습니다.','2023-10-06 06:00:00.916447',_binary '\0','RANKING',18),(715,'랭킹안에 들었습니다.','2023-10-06 06:00:00.922233',_binary '\0','RANKING',20),(716,'랭킹안에 들었습니다.','2023-10-06 06:00:01.003524',_binary '\0','RANKING',21),(717,'랭킹안에 들었습니다.','2023-10-06 06:00:01.009255',_binary '\0','RANKING',21),(718,'랭킹안에 들었습니다.','2023-10-06 07:00:00.163733',_binary '\0','RANKING',18),(719,'랭킹안에 들었습니다.','2023-10-06 07:00:00.156527',_binary '\0','RANKING',18),(720,'랭킹안에 들었습니다.','2023-10-06 07:00:00.254285',_binary '\0','RANKING',9),(721,'랭킹안에 들었습니다.','2023-10-06 07:00:00.303079',_binary '\0','RANKING',18),(722,'랭킹안에 들었습니다.','2023-10-06 07:00:00.269130',_binary '\0','RANKING',18),(723,'랭킹안에 들었습니다.','2023-10-06 07:00:00.528725',_binary '\0','RANKING',18),(724,'랭킹안에 들었습니다.','2023-10-06 07:00:00.536361',_binary '\0','RANKING',18),(725,'랭킹안에 들었습니다.','2023-10-06 07:00:00.534283',_binary '\0','RANKING',9),(726,'랭킹안에 들었습니다.','2023-10-06 07:00:00.537175',_binary '\0','RANKING',9),(727,'랭킹안에 들었습니다.','2023-10-06 07:00:00.540096',_binary '\0','RANKING',18),(728,'랭킹안에 들었습니다.','2023-10-06 07:00:00.541225',_binary '\0','RANKING',18),(729,'랭킹안에 들었습니다.','2023-10-06 07:00:00.541397',_binary '\0','RANKING',18),(730,'랭킹안에 들었습니다.','2023-10-06 07:00:00.548562',_binary '\0','RANKING',18),(731,'랭킹안에 들었습니다.','2023-10-06 07:00:00.550526',_binary '\0','RANKING',18),(732,'랭킹안에 들었습니다.','2023-10-06 07:00:00.592505',_binary '\0','RANKING',18),(733,'랭킹안에 들었습니다.','2023-10-06 07:00:00.553192',_binary '\0','RANKING',18),(734,'랭킹안에 들었습니다.','2023-10-06 07:00:00.612977',_binary '\0','RANKING',18),(735,'랭킹안에 들었습니다.','2023-10-06 07:00:00.612062',_binary '\0','RANKING',18),(736,'랭킹안에 들었습니다.','2023-10-06 07:00:00.618697',_binary '\0','RANKING',18),(737,'랭킹안에 들었습니다.','2023-10-06 07:00:00.620893',_binary '\0','RANKING',18),(738,'랭킹안에 들었습니다.','2023-10-06 07:00:00.620250',_binary '\0','RANKING',18),(739,'랭킹안에 들었습니다.','2023-10-06 07:00:00.630397',_binary '\0','RANKING',18),(740,'랭킹안에 들었습니다.','2023-10-06 07:00:00.632700',_binary '\0','RANKING',18),(741,'랭킹안에 들었습니다.','2023-10-06 07:00:00.632649',_binary '\0','RANKING',18),(742,'랭킹안에 들었습니다.','2023-10-06 07:00:00.634695',_binary '\0','RANKING',18),(743,'랭킹안에 들었습니다.','2023-10-06 07:00:00.641852',_binary '\0','RANKING',18),(744,'랭킹안에 들었습니다.','2023-10-06 07:00:00.660601',_binary '\0','RANKING',18),(745,'랭킹안에 들었습니다.','2023-10-06 07:00:00.663349',_binary '\0','RANKING',18),(746,'랭킹안에 들었습니다.','2023-10-06 07:00:00.665421',_binary '\0','RANKING',18),(747,'랭킹안에 들었습니다.','2023-10-06 07:00:00.659699',_binary '\0','RANKING',18),(748,'랭킹안에 들었습니다.','2023-10-06 07:00:00.703222',_binary '\0','RANKING',18),(749,'랭킹안에 들었습니다.','2023-10-06 07:00:00.704922',_binary '\0','RANKING',20),(750,'랭킹안에 들었습니다.','2023-10-06 07:00:00.709748',_binary '\0','RANKING',18),(751,'랭킹안에 들었습니다.','2023-10-06 07:00:00.707733',_binary '\0','RANKING',18),(752,'랭킹안에 들었습니다.','2023-10-06 07:00:00.752923',_binary '\0','RANKING',11),(753,'랭킹안에 들었습니다.','2023-10-06 07:00:00.754416',_binary '\0','RANKING',18),(754,'랭킹안에 들었습니다.','2023-10-06 07:00:00.755718',_binary '\0','RANKING',18),(755,'랭킹안에 들었습니다.','2023-10-06 07:00:00.757361',_binary '\0','RANKING',18),(756,'랭킹안에 들었습니다.','2023-10-06 07:00:00.757718',_binary '\0','RANKING',20),(757,'랭킹안에 들었습니다.','2023-10-06 07:00:00.759817',_binary '\0','RANKING',20),(758,'랭킹안에 들었습니다.','2023-10-06 07:00:00.779213',_binary '\0','RANKING',18),(759,'랭킹안에 들었습니다.','2023-10-06 07:00:00.818736',_binary '\0','RANKING',11),(760,'랭킹안에 들었습니다.','2023-10-06 07:00:00.819352',_binary '\0','RANKING',20),(761,'랭킹안에 들었습니다.','2023-10-06 07:00:00.818993',_binary '\0','RANKING',21),(762,'랭킹안에 들었습니다.','2023-10-06 07:00:00.822142',_binary '\0','RANKING',18),(763,'랭킹안에 들었습니다.','2023-10-06 07:00:00.824389',_binary '\0','RANKING',20),(764,'랭킹안에 들었습니다.','2023-10-06 07:00:00.867578',_binary '\0','RANKING',11),(765,'랭킹안에 들었습니다.','2023-10-06 07:00:00.870330',_binary '\0','RANKING',18),(766,'랭킹안에 들었습니다.','2023-10-06 07:00:00.872987',_binary '\0','RANKING',20),(767,'랭킹안에 들었습니다.','2023-10-06 07:00:00.891948',_binary '\0','RANKING',21),(768,'랭킹안에 들었습니다.','2023-10-06 07:00:00.921526',_binary '\0','RANKING',21),(769,'랭킹안에 들었습니다.','2023-10-06 08:00:00.111262',_binary '\0','RANKING',18),(770,'랭킹안에 들었습니다.','2023-10-06 08:00:00.122297',_binary '\0','RANKING',18),(771,'랭킹안에 들었습니다.','2023-10-06 08:00:00.170862',_binary '\0','RANKING',18),(772,'랭킹안에 들었습니다.','2023-10-06 08:00:00.245478',_binary '\0','RANKING',9),(773,'랭킹안에 들었습니다.','2023-10-06 08:00:00.248448',_binary '\0','RANKING',18),(774,'랭킹안에 들었습니다.','2023-10-06 08:00:00.256029',_binary '\0','RANKING',9),(775,'랭킹안에 들었습니다.','2023-10-06 08:00:00.249974',_binary '\0','RANKING',9),(776,'랭킹안에 들었습니다.','2023-10-06 08:00:00.261138',_binary '\0','RANKING',18),(777,'랭킹안에 들었습니다.','2023-10-06 08:00:00.253300',_binary '\0','RANKING',18),(778,'랭킹안에 들었습니다.','2023-10-06 08:00:00.277414',_binary '\0','RANKING',18),(779,'랭킹안에 들었습니다.','2023-10-06 08:00:00.287396',_binary '\0','RANKING',18),(780,'랭킹안에 들었습니다.','2023-10-06 08:00:00.279960',_binary '\0','RANKING',18),(781,'랭킹안에 들었습니다.','2023-10-06 08:00:00.289711',_binary '\0','RANKING',18),(782,'랭킹안에 들었습니다.','2023-10-06 08:00:00.282068',_binary '\0','RANKING',18),(783,'랭킹안에 들었습니다.','2023-10-06 08:00:00.292442',_binary '\0','RANKING',18),(784,'랭킹안에 들었습니다.','2023-10-06 08:00:00.285764',_binary '\0','RANKING',18),(785,'랭킹안에 들었습니다.','2023-10-06 08:00:00.288772',_binary '\0','RANKING',18),(786,'랭킹안에 들었습니다.','2023-10-06 08:00:00.454393',_binary '\0','RANKING',18),(787,'랭킹안에 들었습니다.','2023-10-06 08:00:00.392680',_binary '\0','RANKING',18),(788,'랭킹안에 들었습니다.','2023-10-06 08:00:00.459628',_binary '\0','RANKING',18),(789,'랭킹안에 들었습니다.','2023-10-06 08:00:00.452157',_binary '\0','RANKING',18),(790,'랭킹안에 들었습니다.','2023-10-06 08:00:00.458629',_binary '\0','RANKING',18),(791,'랭킹안에 들었습니다.','2023-10-06 08:00:00.469363',_binary '\0','RANKING',18),(792,'랭킹안에 들었습니다.','2023-10-06 08:00:00.503983',_binary '\0','RANKING',18),(793,'랭킹안에 들었습니다.','2023-10-06 08:00:00.494053',_binary '\0','RANKING',18),(794,'랭킹안에 들었습니다.','2023-10-06 08:00:00.594617',_binary '\0','RANKING',18),(795,'랭킹안에 들었습니다.','2023-10-06 08:00:00.510351',_binary '\0','RANKING',18),(796,'랭킹안에 들었습니다.','2023-10-06 08:00:00.608200',_binary '\0','RANKING',18),(797,'랭킹안에 들었습니다.','2023-10-06 08:00:00.617851',_binary '\0','RANKING',18),(798,'랭킹안에 들었습니다.','2023-10-06 08:00:00.609372',_binary '\0','RANKING',18),(799,'랭킹안에 들었습니다.','2023-10-06 08:00:00.612798',_binary '\0','RANKING',18),(800,'랭킹안에 들었습니다.','2023-10-06 08:00:00.615827',_binary '\0','RANKING',18),(801,'랭킹안에 들었습니다.','2023-10-06 08:00:00.617515',_binary '\0','RANKING',18),(802,'랭킹안에 들었습니다.','2023-10-06 08:00:00.618569',_binary '\0','RANKING',18),(803,'랭킹안에 들었습니다.','2023-10-06 08:00:00.634115',_binary '\0','RANKING',18),(804,'랭킹안에 들었습니다.','2023-10-06 08:00:00.626003',_binary '\0','RANKING',20),(805,'랭킹안에 들었습니다.','2023-10-06 08:00:00.629066',_binary '\0','RANKING',18),(806,'랭킹안에 들었습니다.','2023-10-06 08:00:00.643680',_binary '\0','RANKING',20),(807,'랭킹안에 들었습니다.','2023-10-06 08:00:00.642321',_binary '\0','RANKING',20),(808,'랭킹안에 들었습니다.','2023-10-06 08:00:00.641962',_binary '\0','RANKING',11),(809,'랭킹안에 들었습니다.','2023-10-06 08:00:00.660440',_binary '\0','RANKING',18),(810,'랭킹안에 들었습니다.','2023-10-06 08:00:00.709014',_binary '\0','RANKING',20),(811,'랭킹안에 들었습니다.','2023-10-06 08:00:00.722239',_binary '\0','RANKING',11),(812,'랭킹안에 들었습니다.','2023-10-06 08:00:00.732781',_binary '\0','RANKING',11),(813,'랭킹안에 들었습니다.','2023-10-06 08:00:00.726514',_binary '\0','RANKING',18),(814,'랭킹안에 들었습니다.','2023-10-06 08:00:00.727489',_binary '\0','RANKING',21),(815,'랭킹안에 들었습니다.','2023-10-06 08:00:00.738189',_binary '\0','RANKING',18),(816,'랭킹안에 들었습니다.','2023-10-06 08:00:00.730252',_binary '\0','RANKING',20),(817,'랭킹안에 들었습니다.','2023-10-06 08:00:00.740791',_binary '\0','RANKING',20),(818,'랭킹안에 들었습니다.','2023-10-06 08:00:00.807641',_binary '\0','RANKING',21),(819,'랭킹안에 들었습니다.','2023-10-06 08:00:00.799153',_binary '\0','RANKING',21),(820,'랭킹안에 들었습니다.','2023-10-06 09:00:00.179880',_binary '\0','RANKING',18),(821,'랭킹안에 들었습니다.','2023-10-06 09:00:00.141716',_binary '\0','RANKING',18),(822,'랭킹안에 들었습니다.','2023-10-06 09:00:00.361368',_binary '\0','RANKING',9),(823,'랭킹안에 들었습니다.','2023-10-06 09:00:00.369682',_binary '\0','RANKING',18),(824,'랭킹안에 들었습니다.','2023-10-06 09:00:00.380769',_binary '\0','RANKING',9),(825,'랭킹안에 들었습니다.','2023-10-06 09:00:00.384882',_binary '\0','RANKING',18),(826,'랭킹안에 들었습니다.','2023-10-06 09:00:00.405386',_binary '\0','RANKING',18),(827,'랭킹안에 들었습니다.','2023-10-06 09:00:00.464340',_binary '\0','RANKING',18),(828,'랭킹안에 들었습니다.','2023-10-06 09:00:00.466901',_binary '\0','RANKING',18),(829,'랭킹안에 들었습니다.','2023-10-06 09:00:00.471338',_binary '\0','RANKING',18),(830,'랭킹안에 들었습니다.','2023-10-06 09:00:00.481878',_binary '\0','RANKING',18),(831,'랭킹안에 들었습니다.','2023-10-06 09:00:00.498773',_binary '\0','RANKING',9),(832,'랭킹안에 들었습니다.','2023-10-06 09:00:00.496257',_binary '\0','RANKING',18),(833,'랭킹안에 들었습니다.','2023-10-06 09:00:00.548739',_binary '\0','RANKING',18),(834,'랭킹안에 들었습니다.','2023-10-06 09:00:00.533540',_binary '\0','RANKING',18),(835,'랭킹안에 들었습니다.','2023-10-06 09:00:00.585072',_binary '\0','RANKING',18),(836,'랭킹안에 들었습니다.','2023-10-06 09:00:00.613174',_binary '\0','RANKING',18),(837,'랭킹안에 들었습니다.','2023-10-06 09:00:00.654584',_binary '\0','RANKING',18),(838,'랭킹안에 들었습니다.','2023-10-06 09:00:00.688054',_binary '\0','RANKING',18),(839,'랭킹안에 들었습니다.','2023-10-06 09:00:00.663209',_binary '\0','RANKING',18),(840,'랭킹안에 들었습니다.','2023-10-06 09:00:00.738846',_binary '\0','RANKING',18),(841,'랭킹안에 들었습니다.','2023-10-06 09:00:00.742160',_binary '\0','RANKING',18),(842,'랭킹안에 들었습니다.','2023-10-06 09:00:00.742828',_binary '\0','RANKING',18),(843,'랭킹안에 들었습니다.','2023-10-06 09:00:00.746105',_binary '\0','RANKING',18),(844,'랭킹안에 들었습니다.','2023-10-06 09:00:00.745248',_binary '\0','RANKING',18),(845,'랭킹안에 들었습니다.','2023-10-06 09:00:00.753633',_binary '\0','RANKING',18),(846,'랭킹안에 들었습니다.','2023-10-06 09:00:00.758688',_binary '\0','RANKING',18),(847,'랭킹안에 들었습니다.','2023-10-06 09:00:00.776504',_binary '\0','RANKING',18),(848,'랭킹안에 들었습니다.','2023-10-06 09:00:00.794972',_binary '\0','RANKING',18),(849,'랭킹안에 들었습니다.','2023-10-06 09:00:00.816107',_binary '\0','RANKING',18),(850,'랭킹안에 들었습니다.','2023-10-06 09:00:00.815244',_binary '\0','RANKING',18),(851,'랭킹안에 들었습니다.','2023-10-06 09:00:00.827005',_binary '\0','RANKING',18),(852,'랭킹안에 들었습니다.','2023-10-06 09:00:00.829322',_binary '\0','RANKING',18),(853,'랭킹안에 들었습니다.','2023-10-06 09:00:00.831796',_binary '\0','RANKING',18),(854,'랭킹안에 들었습니다.','2023-10-06 09:00:00.834027',_binary '\0','RANKING',18),(855,'랭킹안에 들었습니다.','2023-10-06 09:00:00.843086',_binary '\0','RANKING',20),(856,'랭킹안에 들었습니다.','2023-10-06 09:00:00.940828',_binary '\0','RANKING',18),(857,'랭킹안에 들었습니다.','2023-10-06 09:00:00.950815',_binary '\0','RANKING',11),(858,'랭킹안에 들었습니다.','2023-10-06 09:00:00.953391',_binary '\0','RANKING',18),(859,'랭킹안에 들었습니다.','2023-10-06 09:00:00.955511',_binary '\0','RANKING',20),(860,'랭킹안에 들었습니다.','2023-10-06 09:00:00.956059',_binary '\0','RANKING',20),(861,'랭킹안에 들었습니다.','2023-10-06 09:00:00.970337',_binary '\0','RANKING',20),(862,'랭킹안에 들었습니다.','2023-10-06 09:00:01.023032',_binary '\0','RANKING',11),(863,'랭킹안에 들었습니다.','2023-10-06 09:00:01.030689',_binary '\0','RANKING',18),(864,'랭킹안에 들었습니다.','2023-10-06 09:00:01.064174',_binary '\0','RANKING',11),(865,'랭킹안에 들었습니다.','2023-10-06 09:00:01.029872',_binary '\0','RANKING',21),(866,'랭킹안에 들었습니다.','2023-10-06 09:00:01.040584',_binary '\0','RANKING',20),(867,'랭킹안에 들었습니다.','2023-10-06 09:00:01.067278',_binary '\0','RANKING',18),(868,'랭킹안에 들었습니다.','2023-10-06 09:00:01.084297',_binary '\0','RANKING',20),(869,'랭킹안에 들었습니다.','2023-10-06 09:00:01.173204',_binary '\0','RANKING',21),(870,'랭킹안에 들었습니다.','2023-10-06 09:00:01.176382',_binary '\0','RANKING',21),(871,'랭킹 안에 들었습니다.','2023-10-06 09:29:21.999559',_binary '\0','RANKING',18),(872,'랭킹 안에 들었습니다.','2023-10-06 09:29:22.073488',_binary '\0','RANKING',9),(873,'랭킹 안에 들었습니다.','2023-10-06 09:29:22.117061',_binary '\0','RANKING',18),(874,'랭킹 안에 들었습니다.','2023-10-06 09:29:23.397329',_binary '\0','RANKING',18),(875,'랭킹 안에 들었습니다.','2023-10-06 09:29:23.433397',_binary '\0','RANKING',18),(876,'랭킹 안에 들었습니다.','2023-10-06 09:29:23.470578',_binary '\0','RANKING',18),(877,'랭킹 안에 들었습니다.','2023-10-06 09:29:23.553312',_binary '\0','RANKING',18),(878,'랭킹 안에 들었습니다.','2023-10-06 09:29:23.591357',_binary '\0','RANKING',18),(879,'랭킹 안에 들었습니다.','2023-10-06 09:29:23.622775',_binary '\0','RANKING',18),(880,'랭킹 안에 들었습니다.','2023-10-06 09:29:23.665391',_binary '\0','RANKING',18),(881,'랭킹 안에 들었습니다.','2023-10-06 09:29:23.707376',_binary '\0','RANKING',18),(882,'랭킹 안에 들었습니다.','2023-10-06 09:29:23.766775',_binary '\0','RANKING',18),(883,'랭킹 안에 들었습니다.','2023-10-06 09:29:23.801642',_binary '\0','RANKING',20),(884,'랭킹 안에 들었습니다.','2023-10-06 09:29:23.853659',_binary '\0','RANKING',11),(885,'랭킹 안에 들었습니다.','2023-10-06 09:29:23.889299',_binary '\0','RANKING',18),(886,'랭킹 안에 들었습니다.','2023-10-06 09:29:23.930744',_binary '\0','RANKING',20),(887,'랭킹 안에 들었습니다.','2023-10-06 09:29:23.986491',_binary '\0','RANKING',21),(888,'랭킹 안에 들었습니다.','2023-10-06 09:31:12.203669',_binary '\0','RANKING',18),(889,'랭킹 안에 들었습니다.','2023-10-06 09:31:12.317832',_binary '\0','RANKING',9),(890,'랭킹 안에 들었습니다.','2023-10-06 09:31:12.377060',_binary '\0','RANKING',18),(891,'랭킹 안에 들었습니다.','2023-10-06 09:31:13.381216',_binary '\0','RANKING',18),(892,'랭킹 안에 들었습니다.','2023-10-06 09:31:13.421368',_binary '\0','RANKING',18),(893,'랭킹 안에 들었습니다.','2023-10-06 09:31:13.459203',_binary '\0','RANKING',18),(894,'랭킹 안에 들었습니다.','2023-10-06 09:31:13.546452',_binary '\0','RANKING',18),(895,'랭킹 안에 들었습니다.','2023-10-06 09:31:13.606637',_binary '\0','RANKING',18),(896,'랭킹 안에 들었습니다.','2023-10-06 09:31:13.637934',_binary '\0','RANKING',18),(897,'랭킹 안에 들었습니다.','2023-10-06 09:31:13.660867',_binary '\0','RANKING',18),(898,'랭킹 안에 들었습니다.','2023-10-06 09:31:13.681485',_binary '\0','RANKING',18),(899,'랭킹 안에 들었습니다.','2023-10-06 09:31:13.800694',_binary '\0','RANKING',18),(900,'랭킹 안에 들었습니다.','2023-10-06 09:31:13.862153',_binary '\0','RANKING',20),(901,'랭킹 안에 들었습니다.','2023-10-06 09:31:13.926086',_binary '\0','RANKING',11),(902,'랭킹 안에 들었습니다.','2023-10-06 09:31:13.957478',_binary '\0','RANKING',20),(903,'랭킹 안에 들었습니다.','2023-10-06 09:31:13.989481',_binary '\0','RANKING',18),(904,'랭킹 안에 들었습니다.','2023-10-06 09:31:14.050377',_binary '\0','RANKING',21),(905,'랭킹 안에 들었습니다.','2023-10-06 09:31:19.055696',_binary '\0','RANKING',18),(906,'랭킹 안에 들었습니다.','2023-10-06 09:31:19.098825',_binary '\0','RANKING',9),(907,'랭킹 안에 들었습니다.','2023-10-06 09:31:19.124626',_binary '\0','RANKING',18),(908,'랭킹 안에 들었습니다.','2023-10-06 09:31:19.718225',_binary '\0','RANKING',18),(909,'랭킹 안에 들었습니다.','2023-10-06 09:31:19.746635',_binary '\0','RANKING',18),(910,'랭킹 안에 들었습니다.','2023-10-06 09:31:19.774225',_binary '\0','RANKING',18),(911,'랭킹 안에 들었습니다.','2023-10-06 09:31:19.847834',_binary '\0','RANKING',18),(912,'랭킹 안에 들었습니다.','2023-10-06 09:31:19.875579',_binary '\0','RANKING',18),(913,'랭킹 안에 들었습니다.','2023-10-06 09:31:19.902154',_binary '\0','RANKING',18),(914,'랭킹 안에 들었습니다.','2023-10-06 09:31:19.925415',_binary '\0','RANKING',18),(915,'랭킹 안에 들었습니다.','2023-10-06 09:31:19.946733',_binary '\0','RANKING',18),(916,'랭킹 안에 들었습니다.','2023-10-06 09:31:19.991204',_binary '\0','RANKING',18),(917,'랭킹 안에 들었습니다.','2023-10-06 09:31:20.017371',_binary '\0','RANKING',20),(918,'랭킹 안에 들었습니다.','2023-10-06 09:31:20.060852',_binary '\0','RANKING',11),(919,'랭킹 안에 들었습니다.','2023-10-06 09:31:20.084160',_binary '\0','RANKING',20),(920,'랭킹 안에 들었습니다.','2023-10-06 09:31:20.107619',_binary '\0','RANKING',18),(921,'랭킹 안에 들었습니다.','2023-10-06 09:31:20.150344',_binary '\0','RANKING',21),(922,'랭킹 안에 들었습니다.','2023-10-06 09:44:03.078927',_binary '\0','RANKING',18),(923,'랭킹 안에 들었습니다.','2023-10-06 09:44:03.171682',_binary '\0','RANKING',9),(924,'랭킹 안에 들었습니다.','2023-10-06 09:44:03.214669',_binary '\0','RANKING',18),(925,'랭킹 안에 들었습니다.','2023-10-06 09:44:04.230943',_binary '\0','RANKING',18),(926,'랭킹 안에 들었습니다.','2023-10-06 09:44:04.274838',_binary '\0','RANKING',18),(927,'랭킹 안에 들었습니다.','2023-10-06 09:44:04.317936',_binary '\0','RANKING',18),(928,'랭킹 안에 들었습니다.','2023-10-06 09:44:04.470807',_binary '\0','RANKING',18),(929,'랭킹 안에 들었습니다.','2023-10-06 09:44:04.529663',_binary '\0','RANKING',18),(930,'랭킹 안에 들었습니다.','2023-10-06 09:44:04.582276',_binary '\0','RANKING',18),(931,'랭킹 안에 들었습니다.','2023-10-06 09:44:04.626259',_binary '\0','RANKING',18),(932,'랭킹 안에 들었습니다.','2023-10-06 09:44:04.661298',_binary '\0','RANKING',18),(933,'랭킹 안에 들었습니다.','2023-10-06 09:44:04.698455',_binary '\0','RANKING',18),(934,'랭킹 안에 들었습니다.','2023-10-06 09:44:04.793319',_binary '\0','RANKING',18),(935,'랭킹 안에 들었습니다.','2023-10-06 09:44:04.819851',_binary '\0','RANKING',20),(936,'랭킹 안에 들었습니다.','2023-10-06 09:44:04.885096',_binary '\0','RANKING',11),(937,'랭킹 안에 들었습니다.','2023-10-06 09:44:04.919341',_binary '\0','RANKING',20),(938,'랭킹 안에 들었습니다.','2023-10-06 09:44:04.943971',_binary '\0','RANKING',18),(939,'랭킹 안에 들었습니다.','2023-10-06 09:44:04.997810',_binary '\0','RANKING',21),(940,'랭킹 안에 들었습니다.','2023-10-06 09:47:20.843804',_binary '\0','RANKING',18),(941,'랭킹 안에 들었습니다.','2023-10-06 09:47:20.856081',_binary '\0','RANKING',9),(942,'랭킹 안에 들었습니다.','2023-10-06 09:47:20.859190',_binary '\0','RANKING',18),(943,'랭킹 안에 들었습니다.','2023-10-06 09:47:20.871042',_binary '\0','RANKING',18),(944,'랭킹 안에 들었습니다.','2023-10-06 09:47:20.874069',_binary '\0','RANKING',18),(945,'랭킹 안에 들었습니다.','2023-10-06 09:47:20.877174',_binary '\0','RANKING',18),(946,'랭킹 안에 들었습니다.','2023-10-06 09:47:20.898347',_binary '\0','RANKING',18),(947,'랭킹 안에 들었습니다.','2023-10-06 09:47:20.901391',_binary '\0','RANKING',18),(948,'랭킹 안에 들었습니다.','2023-10-06 09:47:20.904628',_binary '\0','RANKING',18),(949,'랭킹 안에 들었습니다.','2023-10-06 09:47:20.907791',_binary '\0','RANKING',18),(950,'랭킹 안에 들었습니다.','2023-10-06 09:47:20.910899',_binary '\0','RANKING',18),(951,'랭킹 안에 들었습니다.','2023-10-06 09:47:20.914036',_binary '\0','RANKING',18),(952,'랭킹 안에 들었습니다.','2023-10-06 09:47:20.926195',_binary '\0','RANKING',18),(953,'랭킹 안에 들었습니다.','2023-10-06 09:47:20.937920',_binary '\0','RANKING',20),(954,'랭킹 안에 들었습니다.','2023-10-06 09:47:20.959690',_binary '\0','RANKING',11),(955,'랭킹 안에 들었습니다.','2023-10-06 09:47:20.962868',_binary '\0','RANKING',20),(956,'랭킹 안에 들었습니다.','2023-10-06 09:47:20.965717',_binary '\0','RANKING',18),(957,'랭킹 안에 들었습니다.','2023-10-06 09:47:20.987283',_binary '\0','RANKING',21),(958,'랭킹 안에 들었습니다.','2023-10-06 09:47:59.952829',_binary '\0','RANKING',18),(959,'랭킹 안에 들었습니다.','2023-10-06 09:47:59.963665',_binary '\0','RANKING',9),(960,'랭킹 안에 들었습니다.','2023-10-06 09:47:59.966532',_binary '\0','RANKING',18),(961,'랭킹 안에 들었습니다.','2023-10-06 09:47:59.977305',_binary '\0','RANKING',18),(962,'랭킹 안에 들었습니다.','2023-10-06 09:47:59.980252',_binary '\0','RANKING',18),(963,'랭킹 안에 들었습니다.','2023-10-06 09:47:59.983232',_binary '\0','RANKING',18),(964,'랭킹 안에 들었습니다.','2023-10-06 09:48:00.245164',_binary '\0','RANKING',18),(965,'랭킹 안에 들었습니다.','2023-10-06 09:48:00.248645',_binary '\0','RANKING',18),(966,'랭킹 안에 들었습니다.','2023-10-06 09:48:00.252609',_binary '\0','RANKING',18),(967,'랭킹 안에 들었습니다.','2023-10-06 09:48:00.255813',_binary '\0','RANKING',18),(968,'랭킹 안에 들었습니다.','2023-10-06 09:48:00.259383',_binary '\0','RANKING',18),(969,'랭킹 안에 들었습니다.','2023-10-06 09:48:00.262298',_binary '\0','RANKING',18),(970,'랭킹 안에 들었습니다.','2023-10-06 09:48:00.274323',_binary '\0','RANKING',18),(971,'랭킹 안에 들었습니다.','2023-10-06 09:48:00.285993',_binary '\0','RANKING',20),(972,'랭킹 안에 들었습니다.','2023-10-06 09:48:00.307558',_binary '\0','RANKING',11),(973,'랭킹 안에 들었습니다.','2023-10-06 09:48:00.310619',_binary '\0','RANKING',20),(974,'랭킹 안에 들었습니다.','2023-10-06 09:48:00.313570',_binary '\0','RANKING',18),(975,'랭킹 안에 들었습니다.','2023-10-06 09:48:00.333033',_binary '\0','RANKING',21),(976,'랭킹 안에 들었습니다.','2023-10-06 09:48:06.139181',_binary '\0','RANKING',18),(977,'랭킹 안에 들었습니다.','2023-10-06 09:48:06.150659',_binary '\0','RANKING',9),(978,'랭킹 안에 들었습니다.','2023-10-06 09:48:06.153747',_binary '\0','RANKING',18),(979,'랭킹 안에 들었습니다.','2023-10-06 09:48:06.164695',_binary '\0','RANKING',18),(980,'랭킹 안에 들었습니다.','2023-10-06 09:48:06.167580',_binary '\0','RANKING',18),(981,'랭킹 안에 들었습니다.','2023-10-06 09:48:06.170419',_binary '\0','RANKING',18),(982,'랭킹 안에 들었습니다.','2023-10-06 09:48:06.188601',_binary '\0','RANKING',18),(983,'랭킹 안에 들었습니다.','2023-10-06 09:48:06.191553',_binary '\0','RANKING',18),(984,'랭킹 안에 들었습니다.','2023-10-06 09:48:06.194498',_binary '\0','RANKING',18),(985,'랭킹 안에 들었습니다.','2023-10-06 09:48:06.197475',_binary '\0','RANKING',18),(986,'랭킹 안에 들었습니다.','2023-10-06 09:48:06.200435',_binary '\0','RANKING',18),(987,'랭킹 안에 들었습니다.','2023-10-06 09:48:06.203331',_binary '\0','RANKING',18),(988,'랭킹 안에 들었습니다.','2023-10-06 09:48:06.216199',_binary '\0','RANKING',18),(989,'랭킹 안에 들었습니다.','2023-10-06 09:48:06.229620',_binary '\0','RANKING',20),(990,'랭킹 안에 들었습니다.','2023-10-06 09:48:06.250767',_binary '\0','RANKING',11),(991,'랭킹 안에 들었습니다.','2023-10-06 09:48:06.253972',_binary '\0','RANKING',20),(992,'랭킹 안에 들었습니다.','2023-10-06 09:48:06.257561',_binary '\0','RANKING',18),(993,'랭킹 안에 들었습니다.','2023-10-06 09:48:06.278235',_binary '\0','RANKING',21),(994,'랭킹 안에 들었습니다.','2023-10-06 09:49:22.037349',_binary '\0','RANKING',18),(995,'랭킹 안에 들었습니다.','2023-10-06 09:49:22.048485',_binary '\0','RANKING',9),(996,'랭킹 안에 들었습니다.','2023-10-06 09:49:22.051183',_binary '\0','RANKING',18),(997,'랭킹 안에 들었습니다.','2023-10-06 09:49:22.061765',_binary '\0','RANKING',18),(998,'랭킹 안에 들었습니다.','2023-10-06 09:49:22.064768',_binary '\0','RANKING',18),(999,'랭킹 안에 들었습니다.','2023-10-06 09:49:22.067728',_binary '\0','RANKING',18),(1000,'랭킹 안에 들었습니다.','2023-10-06 09:49:22.084631',_binary '\0','RANKING',18),(1001,'랭킹 안에 들었습니다.','2023-10-06 09:49:22.088068',_binary '\0','RANKING',18),(1002,'랭킹 안에 들었습니다.','2023-10-06 09:49:22.090872',_binary '\0','RANKING',18),(1003,'랭킹 안에 들었습니다.','2023-10-06 09:49:22.093680',_binary '\0','RANKING',18),(1004,'랭킹 안에 들었습니다.','2023-10-06 09:49:22.096478',_binary '\0','RANKING',18),(1005,'랭킹 안에 들었습니다.','2023-10-06 09:49:22.099222',_binary '\0','RANKING',18),(1006,'랭킹 안에 들었습니다.','2023-10-06 09:49:22.108610',_binary '\0','RANKING',18),(1007,'랭킹 안에 들었습니다.','2023-10-06 09:49:22.121006',_binary '\0','RANKING',20),(1008,'랭킹 안에 들었습니다.','2023-10-06 09:49:22.142572',_binary '\0','RANKING',11),(1009,'랭킹 안에 들었습니다.','2023-10-06 09:49:22.145330',_binary '\0','RANKING',20),(1010,'랭킹 안에 들었습니다.','2023-10-06 09:49:22.148536',_binary '\0','RANKING',18),(1011,'랭킹 안에 들었습니다.','2023-10-06 09:49:22.169039',_binary '\0','RANKING',21),(1012,'랭킹 안에 들었습니다.','2023-10-06 09:49:55.362854',_binary '\0','RANKING',18),(1013,'랭킹 안에 들었습니다.','2023-10-06 09:49:55.372689',_binary '\0','RANKING',9),(1014,'랭킹 안에 들었습니다.','2023-10-06 09:49:55.375233',_binary '\0','RANKING',18),(1015,'랭킹 안에 들었습니다.','2023-10-06 09:49:55.384435',_binary '\0','RANKING',18),(1016,'랭킹 안에 들었습니다.','2023-10-06 09:49:55.387125',_binary '\0','RANKING',18),(1017,'랭킹 안에 들었습니다.','2023-10-06 09:49:55.389676',_binary '\0','RANKING',18),(1018,'랭킹 안에 들었습니다.','2023-10-06 09:49:55.404541',_binary '\0','RANKING',18),(1019,'랭킹 안에 들었습니다.','2023-10-06 09:49:55.407241',_binary '\0','RANKING',18),(1020,'랭킹 안에 들었습니다.','2023-10-06 09:49:55.409853',_binary '\0','RANKING',18),(1021,'랭킹 안에 들었습니다.','2023-10-06 09:49:55.412522',_binary '\0','RANKING',18),(1022,'랭킹 안에 들었습니다.','2023-10-06 09:49:55.415095',_binary '\0','RANKING',18),(1023,'랭킹 안에 들었습니다.','2023-10-06 09:49:55.417665',_binary '\0','RANKING',18),(1024,'랭킹 안에 들었습니다.','2023-10-06 09:49:55.426297',_binary '\0','RANKING',18),(1025,'랭킹 안에 들었습니다.','2023-10-06 09:49:55.436536',_binary '\0','RANKING',20),(1026,'랭킹 안에 들었습니다.','2023-10-06 09:49:55.452512',_binary '\0','RANKING',11),(1027,'랭킹 안에 들었습니다.','2023-10-06 09:49:55.455111',_binary '\0','RANKING',20),(1028,'랭킹 안에 들었습니다.','2023-10-06 09:49:55.457729',_binary '\0','RANKING',18),(1029,'랭킹 안에 들었습니다.','2023-10-06 09:49:55.474860',_binary '\0','RANKING',21),(1030,'랭킹 안에 들었습니다.','2023-10-06 09:50:36.706233',_binary '\0','RANKING',18),(1031,'랭킹 안에 들었습니다.','2023-10-06 09:50:36.719429',_binary '\0','RANKING',9),(1032,'랭킹 안에 들었습니다.','2023-10-06 09:50:36.722130',_binary '\0','RANKING',18),(1033,'랭킹 안에 들었습니다.','2023-10-06 09:50:36.731171',_binary '\0','RANKING',18),(1034,'랭킹 안에 들었습니다.','2023-10-06 09:50:36.733888',_binary '\0','RANKING',18),(1035,'랭킹 안에 들었습니다.','2023-10-06 09:50:36.736625',_binary '\0','RANKING',18),(1036,'랭킹 안에 들었습니다.','2023-10-06 09:50:36.751564',_binary '\0','RANKING',18),(1037,'랭킹 안에 들었습니다.','2023-10-06 09:50:36.754254',_binary '\0','RANKING',18),(1038,'랭킹 안에 들었습니다.','2023-10-06 09:50:36.756907',_binary '\0','RANKING',18),(1039,'랭킹 안에 들었습니다.','2023-10-06 09:50:36.759547',_binary '\0','RANKING',18),(1040,'랭킹 안에 들었습니다.','2023-10-06 09:50:36.762047',_binary '\0','RANKING',18),(1041,'랭킹 안에 들었습니다.','2023-10-06 09:50:36.764715',_binary '\0','RANKING',18),(1042,'랭킹 안에 들었습니다.','2023-10-06 09:50:36.773228',_binary '\0','RANKING',18),(1043,'랭킹 안에 들었습니다.','2023-10-06 09:50:36.783634',_binary '\0','RANKING',20),(1044,'랭킹 안에 들었습니다.','2023-10-06 09:50:36.799765',_binary '\0','RANKING',11),(1045,'랭킹 안에 들었습니다.','2023-10-06 09:50:36.802626',_binary '\0','RANKING',20),(1046,'랭킹 안에 들었습니다.','2023-10-06 09:50:36.805426',_binary '\0','RANKING',18),(1047,'랭킹 안에 들었습니다.','2023-10-06 09:50:36.822548',_binary '\0','RANKING',21),(1048,'랭킹 안에 들었습니다.','2023-10-06 09:51:28.440099',_binary '\0','RANKING',18),(1049,'랭킹 안에 들었습니다.','2023-10-06 09:51:28.450376',_binary '\0','RANKING',9),(1050,'랭킹 안에 들었습니다.','2023-10-06 09:51:28.453383',_binary '\0','RANKING',18),(1051,'랭킹 안에 들었습니다.','2023-10-06 09:51:28.462107',_binary '\0','RANKING',18),(1052,'랭킹 안에 들었습니다.','2023-10-06 09:51:28.464821',_binary '\0','RANKING',18),(1053,'랭킹 안에 들었습니다.','2023-10-06 09:51:28.467398',_binary '\0','RANKING',18),(1054,'랭킹 안에 들었습니다.','2023-10-06 09:51:28.481352',_binary '\0','RANKING',18),(1055,'랭킹 안에 들었습니다.','2023-10-06 09:51:28.484146',_binary '\0','RANKING',18),(1056,'랭킹 안에 들었습니다.','2023-10-06 09:51:28.486661',_binary '\0','RANKING',18),(1057,'랭킹 안에 들었습니다.','2023-10-06 09:51:28.489230',_binary '\0','RANKING',18),(1058,'랭킹 안에 들었습니다.','2023-10-06 09:51:28.491798',_binary '\0','RANKING',18),(1059,'랭킹 안에 들었습니다.','2023-10-06 09:51:28.494473',_binary '\0','RANKING',18),(1060,'랭킹 안에 들었습니다.','2023-10-06 09:51:28.502993',_binary '\0','RANKING',18),(1061,'랭킹 안에 들었습니다.','2023-10-06 09:51:28.513301',_binary '\0','RANKING',20),(1062,'랭킹 안에 들었습니다.','2023-10-06 09:51:28.528894',_binary '\0','RANKING',11),(1063,'랭킹 안에 들었습니다.','2023-10-06 09:51:28.531457',_binary '\0','RANKING',20),(1064,'랭킹 안에 들었습니다.','2023-10-06 09:51:28.533941',_binary '\0','RANKING',18),(1065,'랭킹 안에 들었습니다.','2023-10-06 09:51:28.548981',_binary '\0','RANKING',21),(1066,'랭킹 안에 들었습니다.','2023-10-06 09:51:57.439890',_binary '\0','RANKING',18),(1067,'랭킹 안에 들었습니다.','2023-10-06 09:51:57.450309',_binary '\0','RANKING',9),(1068,'랭킹 안에 들었습니다.','2023-10-06 09:51:57.452883',_binary '\0','RANKING',18),(1069,'랭킹 안에 들었습니다.','2023-10-06 09:51:57.462133',_binary '\0','RANKING',18),(1070,'랭킹 안에 들었습니다.','2023-10-06 09:51:57.464658',_binary '\0','RANKING',18),(1071,'랭킹 안에 들었습니다.','2023-10-06 09:51:57.467200',_binary '\0','RANKING',18),(1072,'랭킹 안에 들었습니다.','2023-10-06 09:51:57.481004',_binary '\0','RANKING',18),(1073,'랭킹 안에 들었습니다.','2023-10-06 09:51:57.483630',_binary '\0','RANKING',18),(1074,'랭킹 안에 들었습니다.','2023-10-06 09:51:57.486445',_binary '\0','RANKING',18),(1075,'랭킹 안에 들었습니다.','2023-10-06 09:51:57.489017',_binary '\0','RANKING',18),(1076,'랭킹 안에 들었습니다.','2023-10-06 09:51:57.491485',_binary '\0','RANKING',18),(1077,'랭킹 안에 들었습니다.','2023-10-06 09:51:57.493977',_binary '\0','RANKING',18),(1078,'랭킹 안에 들었습니다.','2023-10-06 09:51:57.502108',_binary '\0','RANKING',18),(1079,'랭킹 안에 들었습니다.','2023-10-06 09:51:57.513988',_binary '\0','RANKING',20),(1080,'랭킹 안에 들었습니다.','2023-10-06 09:51:57.530001',_binary '\0','RANKING',11),(1081,'랭킹 안에 들었습니다.','2023-10-06 09:51:57.532482',_binary '\0','RANKING',20),(1082,'랭킹 안에 들었습니다.','2023-10-06 09:51:57.534935',_binary '\0','RANKING',18),(1083,'랭킹 안에 들었습니다.','2023-10-06 09:51:57.549660',_binary '\0','RANKING',21),(1084,'워그레이몬 아바타가 출시되었습니다.','2023-10-06 09:52:16.014073',_binary '\0','NEW_AVATAR',18),(1085,'워그레이몬 아바타가 출시되었습니다.','2023-10-06 09:52:16.024357',_binary '\0','NEW_AVATAR',21),(1086,'워그레이몬 아바타가 출시되었습니다.','2023-10-06 09:52:16.032431',_binary '\0','NEW_AVATAR',26),(1087,'워그레이몬 아바타가 출시되었습니다.','2023-10-06 09:52:16.040266',_binary '\0','NEW_AVATAR',12),(1088,'워그레이몬 아바타가 출시되었습니다.','2023-10-06 09:52:16.048244',_binary '\0','NEW_AVATAR',29),(1089,'워그레이몬 아바타가 출시되었습니다.','2023-10-06 09:52:16.056691',_binary '\0','NEW_AVATAR',14),(1090,'아구몬 아바타가 출시되었습니다.','2023-10-06 09:57:41.285533',_binary '\0','NEW_AVATAR',18),(1091,'아구몬 아바타가 출시되었습니다.','2023-10-06 09:57:41.295110',_binary '\0','NEW_AVATAR',20),(1092,'아구몬 아바타가 출시되었습니다.','2023-10-06 09:57:41.304737',_binary '\0','NEW_AVATAR',21),(1093,'아구몬 아바타가 출시되었습니다.','2023-10-06 09:57:41.313759',_binary '\0','NEW_AVATAR',26),(1094,'아구몬 아바타가 출시되었습니다.','2023-10-06 09:57:41.322486',_binary '\0','NEW_AVATAR',12),(1095,'아구몬 아바타가 출시되었습니다.','2023-10-06 09:57:41.331197',_binary '\0','NEW_AVATAR',14),(1096,'랭킹 안에 들었습니다.','2023-10-06 10:00:00.310549',_binary '\0','RANKING',18),(1097,'랭킹 안에 들었습니다.','2023-10-06 10:00:00.329461',_binary '\0','RANKING',18),(1098,'랭킹 안에 들었습니다.','2023-10-06 10:00:00.554949',_binary '\0','RANKING',9),(1099,'랭킹 안에 들었습니다.','2023-10-06 10:00:00.555051',_binary '\0','RANKING',9),(1100,'랭킹 안에 들었습니다.','2023-10-06 10:00:00.558965',_binary '\0','RANKING',18),(1101,'랭킹 안에 들었습니다.','2023-10-06 10:00:00.580920',_binary '\0','RANKING',18),(1102,'랭킹 안에 들었습니다.','2023-10-06 10:00:00.626204',_binary '\0','RANKING',18),(1103,'랭킹 안에 들었습니다.','2023-10-06 10:00:00.627774',_binary '\0','RANKING',18),(1104,'랭킹 안에 들었습니다.','2023-10-06 10:00:00.693017',_binary '\0','RANKING',18),(1105,'랭킹 안에 들었습니다.','2023-10-06 10:00:00.693297',_binary '\0','RANKING',18),(1106,'랭킹 안에 들었습니다.','2023-10-06 10:00:00.697251',_binary '\0','RANKING',18),(1107,'랭킹 안에 들었습니다.','2023-10-06 10:00:00.696922',_binary '\0','RANKING',18),(1108,'랭킹 안에 들었습니다.','2023-10-06 10:00:00.712052',_binary '\0','RANKING',18),(1109,'랭킹 안에 들었습니다.','2023-10-06 10:00:00.713356',_binary '\0','RANKING',18),(1110,'랭킹 안에 들었습니다.','2023-10-06 10:00:00.714701',_binary '\0','RANKING',18),(1111,'랭킹 안에 들었습니다.','2023-10-06 10:00:00.716126',_binary '\0','RANKING',18),(1112,'랭킹 안에 들었습니다.','2023-10-06 10:00:00.730744',_binary '\0','RANKING',18),(1113,'랭킹 안에 들었습니다.','2023-10-06 10:00:00.719393',_binary '\0','RANKING',18),(1114,'랭킹 안에 들었습니다.','2023-10-06 10:00:00.736442',_binary '\0','RANKING',18),(1115,'랭킹 안에 들었습니다.','2023-10-06 10:00:00.786287',_binary '\0','RANKING',18),(1116,'랭킹 안에 들었습니다.','2023-10-06 10:00:00.798457',_binary '\0','RANKING',18),(1117,'랭킹 안에 들었습니다.','2023-10-06 10:00:00.782935',_binary '\0','RANKING',18),(1118,'랭킹 안에 들었습니다.','2023-10-06 10:00:00.804527',_binary '\0','RANKING',18),(1119,'랭킹 안에 들었습니다.','2023-10-06 10:00:00.810661',_binary '\0','RANKING',18),(1120,'랭킹 안에 들었습니다.','2023-10-06 10:00:00.812383',_binary '\0','RANKING',18),(1121,'랭킹 안에 들었습니다.','2023-10-06 10:00:00.820113',_binary '\0','RANKING',18),(1122,'랭킹 안에 들었습니다.','2023-10-06 10:00:00.839455',_binary '\0','RANKING',18),(1123,'랭킹 안에 들었습니다.','2023-10-06 10:00:00.856261',_binary '\0','RANKING',20),(1124,'랭킹 안에 들었습니다.','2023-10-06 10:00:00.883017',_binary '\0','RANKING',20),(1125,'랭킹 안에 들었습니다.','2023-10-06 10:00:00.915602',_binary '\0','RANKING',9),(1126,'랭킹 안에 들었습니다.','2023-10-06 10:00:00.910484',_binary '\0','RANKING',11),(1127,'랭킹 안에 들었습니다.','2023-10-06 10:00:00.926948',_binary '\0','RANKING',18),(1128,'랭킹 안에 들었습니다.','2023-10-06 10:00:00.934480',_binary '\0','RANKING',20),(1129,'랭킹 안에 들었습니다.','2023-10-06 10:00:00.950398',_binary '\0','RANKING',11),(1130,'랭킹 안에 들었습니다.','2023-10-06 10:00:00.969198',_binary '\0','RANKING',18),(1131,'랭킹 안에 들었습니다.','2023-10-06 10:00:00.953815',_binary '\0','RANKING',20),(1132,'랭킹 안에 들었습니다.','2023-10-06 10:00:00.957619',_binary '\0','RANKING',18),(1133,'랭킹 안에 들었습니다.','2023-10-06 10:00:00.974769',_binary '\0','RANKING',18),(1134,'랭킹 안에 들었습니다.','2023-10-06 10:00:00.989480',_binary '\0','RANKING',18),(1135,'랭킹 안에 들었습니다.','2023-10-06 10:00:00.953110',_binary '\0','RANKING',18),(1136,'랭킹 안에 들었습니다.','2023-10-06 10:00:00.997715',_binary '\0','RANKING',21),(1137,'랭킹 안에 들었습니다.','2023-10-06 10:00:01.002062',_binary '\0','RANKING',21),(1138,'랭킹 안에 들었습니다.','2023-10-06 10:00:01.029089',_binary '\0','RANKING',18),(1139,'랭킹 안에 들었습니다.','2023-10-06 10:00:01.036360',_binary '\0','RANKING',18),(1140,'랭킹 안에 들었습니다.','2023-10-06 10:00:01.066186',_binary '\0','RANKING',18),(1141,'랭킹 안에 들었습니다.','2023-10-06 10:00:01.071898',_binary '\0','RANKING',18),(1142,'랭킹 안에 들었습니다.','2023-10-06 10:00:01.080670',_binary '\0','RANKING',18),(1143,'랭킹 안에 들었습니다.','2023-10-06 10:00:01.086708',_binary '\0','RANKING',18),(1144,'랭킹 안에 들었습니다.','2023-10-06 10:00:01.104515',_binary '\0','RANKING',18),(1145,'랭킹 안에 들었습니다.','2023-10-06 10:00:01.115555',_binary '\0','RANKING',20),(1146,'랭킹 안에 들었습니다.','2023-10-06 10:00:01.151843',_binary '\0','RANKING',11),(1147,'랭킹 안에 들었습니다.','2023-10-06 10:00:01.186396',_binary '\0','RANKING',20),(1148,'랭킹 안에 들었습니다.','2023-10-06 10:00:01.191477',_binary '\0','RANKING',18),(1149,'랭킹 안에 들었습니다.','2023-10-06 10:00:01.215722',_binary '\0','RANKING',21),(1150,'아구몬 아바타가 출시되었습니다.','2023-10-06 10:04:39.024321',_binary '\0','NEW_AVATAR',18),(1151,'아구몬 아바타가 출시되었습니다.','2023-10-06 10:04:39.032970',_binary '\0','NEW_AVATAR',20),(1152,'아구몬 아바타가 출시되었습니다.','2023-10-06 10:04:39.041076',_binary '\0','NEW_AVATAR',21),(1153,'아구몬 아바타가 출시되었습니다.','2023-10-06 10:04:39.053266',_binary '\0','NEW_AVATAR',26),(1154,'아구몬 아바타가 출시되었습니다.','2023-10-06 10:04:39.061329',_binary '\0','NEW_AVATAR',12),(1155,'로몬 아바타가 출시되었습니다.','2023-10-06 10:10:49.193038',_binary '\0','NEW_AVATAR',18),(1156,'로몬 아바타가 출시되었습니다.','2023-10-06 10:10:49.201957',_binary '\0','NEW_AVATAR',20),(1157,'로몬 아바타가 출시되었습니다.','2023-10-06 10:10:49.210812',_binary '\0','NEW_AVATAR',21),(1158,'로몬 아바타가 출시되었습니다.','2023-10-06 10:10:49.218956',_binary '\0','NEW_AVATAR',26),(1159,'로몬 아바타가 출시되었습니다.','2023-10-06 10:10:49.228034',_binary '\0','NEW_AVATAR',12),(1160,'로프몬 아바타가 출시되었습니다.','2023-10-06 10:11:18.982649',_binary '\0','NEW_AVATAR',18),(1161,'로프몬 아바타가 출시되었습니다.','2023-10-06 10:11:18.990795',_binary '\0','NEW_AVATAR',21),(1162,'로프몬 아바타가 출시되었습니다.','2023-10-06 10:11:18.998533',_binary '\0','NEW_AVATAR',12),(1163,'랭킹 안에 들었습니다.','2023-10-06 10:31:15.133429',_binary '\0','RANKING',18),(1164,'랭킹 안에 들었습니다.','2023-10-06 10:31:15.226200',_binary '\0','RANKING',9),(1165,'랭킹 안에 들었습니다.','2023-10-06 10:31:15.282611',_binary '\0','RANKING',18),(1166,'랭킹 안에 들었습니다.','2023-10-06 10:31:16.662734',_binary '\0','RANKING',18),(1167,'랭킹 안에 들었습니다.','2023-10-06 10:31:16.708208',_binary '\0','RANKING',18),(1168,'랭킹 안에 들었습니다.','2023-10-06 10:31:16.766558',_binary '\0','RANKING',18),(1169,'랭킹 안에 들었습니다.','2023-10-06 10:31:16.882389',_binary '\0','RANKING',18),(1170,'랭킹 안에 들었습니다.','2023-10-06 10:31:16.937730',_binary '\0','RANKING',18),(1171,'랭킹 안에 들었습니다.','2023-10-06 10:31:16.989486',_binary '\0','RANKING',18),(1172,'랭킹 안에 들었습니다.','2023-10-06 10:31:17.048934',_binary '\0','RANKING',18),(1173,'랭킹 안에 들었습니다.','2023-10-06 10:31:17.101621',_binary '\0','RANKING',18),(1174,'랭킹 안에 들었습니다.','2023-10-06 10:31:17.152034',_binary '\0','RANKING',18),(1175,'랭킹 안에 들었습니다.','2023-10-06 10:31:17.225138',_binary '\0','RANKING',18),(1176,'랭킹 안에 들었습니다.','2023-10-06 10:31:17.258234',_binary '\0','RANKING',20),(1177,'랭킹 안에 들었습니다.','2023-10-06 10:31:17.349260',_binary '\0','RANKING',11),(1178,'랭킹 안에 들었습니다.','2023-10-06 10:31:17.422636',_binary '\0','RANKING',20),(1179,'랭킹 안에 들었습니다.','2023-10-06 10:31:17.468628',_binary '\0','RANKING',18),(1180,'랭킹 안에 들었습니다.','2023-10-06 10:31:17.539631',_binary '\0','RANKING',21);
/*!40000 ALTER TABLE `notification` ENABLE KEYS */;
UNLOCK TABLES;

--
-- Table structure for table `pix2pix_model`
--

DROP TABLE IF EXISTS `pix2pix_model`;
/*!40101 SET @saved_cs_client     = @@character_set_client */;
/*!50503 SET character_set_client = utf8mb4 */;
CREATE TABLE `pix2pix_model` (
  `id` bigint NOT NULL AUTO_INCREMENT,
  `model_name` varchar(255) COLLATE utf8mb4_general_ci DEFAULT NULL,
  `vision_name` varchar(255) COLLATE utf8mb4_general_ci DEFAULT NULL,
  `subject_id` bigint DEFAULT NULL,
  PRIMARY KEY (`id`),
  KEY `FK2ls6d3t51yqjylqbu24pishk4` (`subject_id`),
  CONSTRAINT `FK2ls6d3t51yqjylqbu24pishk4` FOREIGN KEY (`subject_id`) REFERENCES `subject` (`id`)
) ENGINE=InnoDB AUTO_INCREMENT=9 DEFAULT CHARSET=utf8mb4 COLLATE=utf8mb4_general_ci;
/*!40101 SET character_set_client = @saved_cs_client */;

--
-- Dumping data for table `pix2pix_model`
--

LOCK TABLES `pix2pix_model` WRITE;
/*!40000 ALTER TABLE `pix2pix_model` DISABLE KEYS */;
INSERT INTO `pix2pix_model` VALUES (1,'car','car',5),(2,'panda','panda',6),(3,'person','head',7),(4,'handbag','bag',8),(5,'shoe','shoe',9),(6,'maple_character','cartoon',10),(7,'gemstone','jewellery',11),(8,'space','space',12);
/*!40000 ALTER TABLE `pix2pix_model` ENABLE KEYS */;
UNLOCK TABLES;

--
-- Table structure for table `point`
--

DROP TABLE IF EXISTS `point`;
/*!40101 SET @saved_cs_client     = @@character_set_client */;
/*!50503 SET character_set_client = utf8mb4 */;
CREATE TABLE `point` (
  `id` bigint NOT NULL AUTO_INCREMENT,
  `point` bigint DEFAULT NULL,
  `profile_id` bigint DEFAULT NULL,
  PRIMARY KEY (`id`),
  KEY `FKryeufdt9yojec75g7i5gkilh4` (`profile_id`),
  CONSTRAINT `FKryeufdt9yojec75g7i5gkilh4` FOREIGN KEY (`profile_id`) REFERENCES `profile` (`id`)
) ENGINE=InnoDB AUTO_INCREMENT=30 DEFAULT CHARSET=utf8mb4 COLLATE=utf8mb4_general_ci;
/*!40101 SET character_set_client = @saved_cs_client */;

--
-- Dumping data for table `point`
--

LOCK TABLES `point` WRITE;
/*!40000 ALTER TABLE `point` DISABLE KEYS */;
INSERT INTO `point` VALUES (2,0,2),(3,0,3),(4,0,4),(5,900,5),(8,900,9),(9,1000,10),(10,866,11),(11,1140,12),(12,0,13),(13,1000,14),(14,0,15),(15,0,16),(16,0,17),(17,1140,18),(19,2480,20),(20,630,21),(21,120,22),(23,0,24),(25,460,26),(26,1000,27),(27,950,28),(28,900,29),(29,50,30);
/*!40000 ALTER TABLE `point` ENABLE KEYS */;
UNLOCK TABLES;

--
-- Table structure for table `post`
--

DROP TABLE IF EXISTS `post`;
/*!40101 SET @saved_cs_client     = @@character_set_client */;
/*!50503 SET character_set_client = utf8mb4 */;
CREATE TABLE `post` (
  `id` bigint NOT NULL AUTO_INCREMENT,
  `created_at` datetime(6) NOT NULL,
  `canvas_id` bigint DEFAULT NULL,
  PRIMARY KEY (`id`),
  KEY `FK7jiox21jwy8ant3mrq8oalcfy` (`canvas_id`),
  CONSTRAINT `FK7jiox21jwy8ant3mrq8oalcfy` FOREIGN KEY (`canvas_id`) REFERENCES `canvas` (`id`)
) ENGINE=InnoDB AUTO_INCREMENT=103 DEFAULT CHARSET=utf8mb4 COLLATE=utf8mb4_general_ci;
/*!40101 SET character_set_client = @saved_cs_client */;

--
-- Dumping data for table `post`
--

LOCK TABLES `post` WRITE;
/*!40000 ALTER TABLE `post` DISABLE KEYS */;
INSERT INTO `post` VALUES (1,'2023-10-05 10:29:44.887017',93),(2,'2023-10-05 12:58:07.498438',144),(8,'2023-10-05 13:02:12.599932',150),(9,'2023-10-05 13:22:07.543875',163),(10,'2023-10-05 13:34:24.868777',171),(11,'2023-10-05 13:38:40.520102',174),(12,'2023-10-05 13:40:40.780032',176),(13,'2023-10-05 13:45:09.431151',178),(14,'2023-10-05 13:47:10.557718',180),(15,'2023-10-05 13:48:35.107293',182),(16,'2023-10-05 13:50:12.595822',183),(17,'2023-10-05 13:54:50.485045',185),(18,'2023-10-05 13:59:37.151580',194),(19,'2023-10-05 14:04:06.907140',197),(21,'2023-10-05 14:13:14.538734',220),(23,'2023-10-05 14:21:32.725279',234),(24,'2023-10-05 14:27:17.682598',239),(25,'2023-10-05 14:43:23.732281',244),(26,'2023-10-05 15:19:09.686026',251),(27,'2023-10-05 15:20:21.668494',252),(28,'2023-10-05 15:58:43.519993',265),(29,'2023-10-05 16:24:36.849831',272),(30,'2023-10-05 16:27:31.195626',273),(31,'2023-10-05 16:32:01.120748',276),(32,'2023-10-05 16:34:16.446181',280),(33,'2023-10-05 16:34:16.448042',280),(34,'2023-10-05 16:34:16.453879',280),(35,'2023-10-05 16:35:39.413598',284),(39,'2023-10-05 16:37:24.730742',285),(40,'2023-10-05 16:39:37.562997',287),(41,'2023-10-05 16:41:22.607801',289),(42,'2023-10-05 16:47:55.343686',294),(43,'2023-10-05 16:49:47.334783',295),(44,'2023-10-05 16:52:28.723509',297),(45,'2023-10-05 16:54:14.454646',298),(46,'2023-10-05 16:54:14.455814',298),(47,'2023-10-05 16:54:14.457286',298),(48,'2023-10-05 16:54:14.460279',298),(49,'2023-10-05 17:05:27.278810',300),(50,'2023-10-05 17:08:28.065122',301),(51,'2023-10-05 17:15:11.813860',307),(52,'2023-10-05 17:17:00.267195',308),(53,'2023-10-05 17:18:26.398355',309),(54,'2023-10-05 17:18:26.401229',309),(55,'2023-10-05 17:22:04.590544',310),(56,'2023-10-05 17:22:57.331390',311),(57,'2023-10-05 17:23:30.750955',313),(58,'2023-10-05 17:24:09.321253',314),(59,'2023-10-05 17:24:09.324362',314),(60,'2023-10-05 17:26:59.578711',317),(61,'2023-10-05 17:43:03.187157',319),(62,'2023-10-05 20:54:22.104404',325),(63,'2023-10-05 20:57:32.883276',327),(64,'2023-10-05 21:01:23.439244',329),(65,'2023-10-05 21:04:27.932227',330),(68,'2023-10-05 21:56:30.395853',340),(69,'2023-10-05 22:21:35.767953',353),(70,'2023-10-05 23:16:29.450311',384),(71,'2023-10-05 23:16:53.952987',385),(73,'2023-10-06 00:43:33.048839',392),(74,'2023-10-06 01:31:23.131433',394),(75,'2023-10-06 01:33:05.785258',395),(76,'2023-10-06 01:33:26.161491',398),(77,'2023-10-06 01:38:27.025610',400),(78,'2023-10-06 09:33:39.527924',445),(79,'2023-10-06 09:38:11.737763',449),(81,'2023-10-06 10:04:58.935400',459),(89,'2023-10-06 10:05:11.812353',461),(90,'2023-10-06 10:08:03.137862',460),(91,'2023-10-06 10:08:03.137911',460),(92,'2023-10-06 10:08:03.137919',460),(93,'2023-10-06 10:08:03.137932',460),(94,'2023-10-06 10:26:36.509597',475),(98,'2023-10-06 10:29:15.083427',474),(100,'2023-10-06 10:29:40.665049',477),(101,'2023-10-06 10:30:36.252547',476),(102,'2023-10-06 10:37:45.473450',483);
/*!40000 ALTER TABLE `post` ENABLE KEYS */;
UNLOCK TABLES;

--
-- Table structure for table `profile`
--

DROP TABLE IF EXISTS `profile`;
/*!40101 SET @saved_cs_client     = @@character_set_client */;
/*!50503 SET character_set_client = utf8mb4 */;
CREATE TABLE `profile` (
  `id` bigint NOT NULL AUTO_INCREMENT,
  `pf_name` varchar(10) COLLATE utf8mb4_general_ci DEFAULT NULL,
  `member_id` varchar(255) COLLATE utf8mb4_general_ci DEFAULT NULL,
  PRIMARY KEY (`id`),
  KEY `FKrce05ncmyjbnso2x9wmop113v` (`member_id`),
  CONSTRAINT `FKrce05ncmyjbnso2x9wmop113v` FOREIGN KEY (`member_id`) REFERENCES `member` (`id`)
) ENGINE=InnoDB AUTO_INCREMENT=31 DEFAULT CHARSET=utf8mb4 COLLATE=utf8mb4_general_ci;
/*!40101 SET character_set_client = @saved_cs_client */;

--
-- Dumping data for table `profile`
--

LOCK TABLES `profile` WRITE;
/*!40000 ALTER TABLE `profile` DISABLE KEYS */;
INSERT INTO `profile` VALUES (2,'치토쯩','319d6111-bd9d-425b-978f-3316756ca8c5'),(3,'','319d6111-bd9d-425b-978f-3316756ca8c5'),(4,'2','319d6111-bd9d-425b-978f-3316756ca8c5'),(5,'hoon','627d4f6f-5c70-4ce6-9f46-fe9e90f7ffab'),(8,'김치가이',NULL),(9,'쁘식이','ee2410d1-4a93-4d4e-b20b-c15998d01be0'),(10,'안돼내돈','6130a5c6-5ab4-47a9-bef3-0ec8995f063c'),(11,'ㅇㅇㅇㅇㅇ','627d4f6f-5c70-4ce6-9f46-fe9e90f7ffab'),(12,'아구몬','a971ec6d-7018-4ad2-8a4e-d4c57fedd8f3'),(13,'둘째','cef620ca-d519-4caf-b191-1c8c704617d3'),(14,'김치맨','69c56605-5005-4e04-b477-7060a7ff8611'),(15,'김미미','04b062a2-cdd8-4a3e-8c67-1ade7fc1328f'),(16,'22','319d6111-bd9d-425b-978f-3316756ca8c5'),(17,'안녕하세요','319d6111-bd9d-425b-978f-3316756ca8c5'),(18,'해치웠나','6130a5c6-5ab4-47a9-bef3-0ec8995f063c'),(20,'동심분쇄기','69c56605-5005-4e04-b477-7060a7ff8611'),(21,'람쥐','627d4f6f-5c70-4ce6-9f46-fe9e90f7ffab'),(22,'포돌','ee2410d1-4a93-4d4e-b20b-c15998d01be0'),(24,'ㅎㅈㅂ','97d772c3-cc29-4881-b7a3-c86ed2f55c7d'),(26,'돌돌','ee2410d1-4a93-4d4e-b20b-c15998d01be0'),(27,'오트식땅파기','69c56605-5005-4e04-b477-7060a7ff8611'),(28,'엄마야','69c56605-5005-4e04-b477-7060a7ff8611'),(29,'새친구','627d4f6f-5c70-4ce6-9f46-fe9e90f7ffab'),(30,'김동준','f037c790-7835-47a6-a2e2-59a555202579');
/*!40000 ALTER TABLE `profile` ENABLE KEYS */;
UNLOCK TABLES;

--
-- Table structure for table `profile_item`
--

DROP TABLE IF EXISTS `profile_item`;
/*!40101 SET @saved_cs_client     = @@character_set_client */;
/*!50503 SET character_set_client = utf8mb4 */;
CREATE TABLE `profile_item` (
  `id` bigint NOT NULL AUTO_INCREMENT,
  `my_item_id` bigint DEFAULT NULL,
  `profile_id` bigint DEFAULT NULL,
  PRIMARY KEY (`id`),
  KEY `FKayaf1dbhmi502k5flvtvil5qw` (`my_item_id`),
  KEY `FK6cgmex5foema1qg01nbqofelk` (`profile_id`),
  CONSTRAINT `FK6cgmex5foema1qg01nbqofelk` FOREIGN KEY (`profile_id`) REFERENCES `profile` (`id`),
  CONSTRAINT `FKayaf1dbhmi502k5flvtvil5qw` FOREIGN KEY (`my_item_id`) REFERENCES `my_item` (`id`)
) ENGINE=InnoDB AUTO_INCREMENT=26 DEFAULT CHARSET=utf8mb4 COLLATE=utf8mb4_general_ci;
/*!40101 SET character_set_client = @saved_cs_client */;

--
-- Dumping data for table `profile_item`
--

LOCK TABLES `profile_item` WRITE;
/*!40000 ALTER TABLE `profile_item` DISABLE KEYS */;
INSERT INTO `profile_item` VALUES (1,1,5),(4,26,9),(5,23,10),(6,60,11),(7,93,12),(8,36,13),(9,37,14),(10,40,15),(11,41,16),(12,42,17),(13,45,18),(15,54,20),(16,88,21),(17,63,22),(19,66,24),(21,83,26),(22,84,27),(23,86,28),(24,90,29),(25,96,30);
/*!40000 ALTER TABLE `profile_item` ENABLE KEYS */;
UNLOCK TABLES;

--
-- Table structure for table `record`
--

DROP TABLE IF EXISTS `record`;
/*!40101 SET @saved_cs_client     = @@character_set_client */;
/*!50503 SET character_set_client = utf8mb4 */;
CREATE TABLE `record` (
  `id` bigint NOT NULL AUTO_INCREMENT,
  `score` int DEFAULT NULL,
  `profile_id` bigint DEFAULT NULL,
  `stage_id` bigint DEFAULT NULL,
  PRIMARY KEY (`id`),
  KEY `FK8m14sw0klk5eyn2uk8wkcm6wk` (`profile_id`),
  KEY `FKgmsrfm8mxlhy293np01igka5f` (`stage_id`),
  CONSTRAINT `FK8m14sw0klk5eyn2uk8wkcm6wk` FOREIGN KEY (`profile_id`) REFERENCES `profile` (`id`),
  CONSTRAINT `FKgmsrfm8mxlhy293np01igka5f` FOREIGN KEY (`stage_id`) REFERENCES `stage` (`id`)
) ENGINE=InnoDB AUTO_INCREMENT=35 DEFAULT CHARSET=utf8mb4 COLLATE=utf8mb4_general_ci;
/*!40101 SET character_set_client = @saved_cs_client */;

--
-- Dumping data for table `record`
--

LOCK TABLES `record` WRITE;
/*!40000 ALTER TABLE `record` DISABLE KEYS */;
INSERT INTO `record` VALUES (1,1,9,1),(2,1,10,1),(3,1,10,2),(4,1,11,1),(5,1,11,2),(6,3,12,3),(7,1,10,3),(8,1,10,4),(9,3,12,2),(10,1,12,1),(11,1,9,2),(12,1,9,3),(13,1,14,1),(14,1,14,3),(15,1,14,2),(16,1,12,4),(17,3,18,2),(18,1,22,1),(19,1,22,2),(22,3,20,4),(23,1,20,1),(24,3,20,2),(25,3,20,3),(26,1,26,1),(27,1,27,1),(28,3,27,2),(29,1,21,1),(30,3,21,2),(31,1,28,1),(32,1,26,2),(33,3,21,3),(34,1,30,1);
/*!40000 ALTER TABLE `record` ENABLE KEYS */;
UNLOCK TABLES;

--
-- Table structure for table `sketch`
--

DROP TABLE IF EXISTS `sketch`;
/*!40101 SET @saved_cs_client     = @@character_set_client */;
/*!50503 SET character_set_client = utf8mb4 */;
CREATE TABLE `sketch` (
  `id` bigint NOT NULL AUTO_INCREMENT,
  `sketch_image_url` varchar(255) COLLATE utf8mb4_general_ci DEFAULT NULL,
  `subject_id` bigint DEFAULT NULL,
  PRIMARY KEY (`id`),
  KEY `FKflmj6a9tbvhit8hbygfa2s91d` (`subject_id`),
  CONSTRAINT `FKflmj6a9tbvhit8hbygfa2s91d` FOREIGN KEY (`subject_id`) REFERENCES `subject` (`id`)
) ENGINE=InnoDB AUTO_INCREMENT=25 DEFAULT CHARSET=utf8mb4 COLLATE=utf8mb4_general_ci;
/*!40101 SET character_set_client = @saved_cs_client */;

--
-- Dumping data for table `sketch`
--

LOCK TABLES `sketch` WRITE;
/*!40000 ALTER TABLE `sketch` DISABLE KEYS */;
INSERT INTO `sketch` VALUES (1,'https://aicanvas-mw.s3.ap-northeast-2.amazonaws.com/item/sketch/car_guide1.png',5),(2,'https://aicanvas-mw.s3.ap-northeast-2.amazonaws.com/item/sketch/car_guide2.png',5),(3,'https://aicanvas-mw.s3.ap-northeast-2.amazonaws.com/item/sketch/car_guide3.png',5),(4,'https://aicanvas-mw.s3.ap-northeast-2.amazonaws.com/item/sketch/panda_guide1.png',6),(5,'https://aicanvas-mw.s3.ap-northeast-2.amazonaws.com/item/sketch/panda_guide2.png',6),(6,'https://aicanvas-mw.s3.ap-northeast-2.amazonaws.com/item/sketch/panda_guide3.png',6),(7,'https://aicanvas-mw.s3.ap-northeast-2.amazonaws.com/item/sketch/person_guide1.png',7),(8,'https://aicanvas-mw.s3.ap-northeast-2.amazonaws.com/item/sketch/person_guide2.png',7),(9,'https://aicanvas-mw.s3.ap-northeast-2.amazonaws.com/item/sketch/person_guide3.png',7),(10,'https://aicanvas-mw.s3.ap-northeast-2.amazonaws.com/item/sketch/handbag_guide1.png',8),(11,'https://aicanvas-mw.s3.ap-northeast-2.amazonaws.com/item/sketch/handbag_guide2.png',8),(12,'https://aicanvas-mw.s3.ap-northeast-2.amazonaws.com/item/sketch/handbag_guide3.png',8),(13,'https://aicanvas-mw.s3.ap-northeast-2.amazonaws.com/item/sketch/shoe_guide1.png',9),(14,'https://aicanvas-mw.s3.ap-northeast-2.amazonaws.com/item/sketch/shoe_guide2.png',9),(15,'https://aicanvas-mw.s3.ap-northeast-2.amazonaws.com/item/sketch/shoe_guide3.png',9),(16,'https://aicanvas-mw.s3.ap-northeast-2.amazonaws.com/item/sketch/maple_character_guide1.png',10),(17,'https://aicanvas-mw.s3.ap-northeast-2.amazonaws.com/item/sketch/maple_character_guide2.png',10),(18,'https://aicanvas-mw.s3.ap-northeast-2.amazonaws.com/item/sketch/maple_character_guide3.png',10),(19,'https://aicanvas-mw.s3.ap-northeast-2.amazonaws.com/item/sketch/gemstone_guide1.png',11),(20,'https://aicanvas-mw.s3.ap-northeast-2.amazonaws.com/item/sketch/gemstone_guide2.png',11),(21,'https://aicanvas-mw.s3.ap-northeast-2.amazonaws.com/item/sketch/gemstone_guide3.png',11),(22,'https://aicanvas-mw.s3.ap-northeast-2.amazonaws.com/item/sketch/space_guide1.png',12),(23,'https://aicanvas-mw.s3.ap-northeast-2.amazonaws.com/item/sketch/space_guide2.png',12),(24,'https://aicanvas-mw.s3.ap-northeast-2.amazonaws.com/item/sketch/space_guide3.png',12);
/*!40000 ALTER TABLE `sketch` ENABLE KEYS */;
UNLOCK TABLES;

--
-- Table structure for table `stage`
--

DROP TABLE IF EXISTS `stage`;
/*!40101 SET @saved_cs_client     = @@character_set_client */;
/*!50503 SET character_set_client = utf8mb4 */;
CREATE TABLE `stage` (
  `id` bigint NOT NULL AUTO_INCREMENT,
  `point` int DEFAULT NULL,
  `stage_num` int DEFAULT NULL,
  `time_limit` int DEFAULT NULL,
  `subject_id` bigint DEFAULT NULL,
  PRIMARY KEY (`id`),
  KEY `FKd8qxriq4o5aoox3e57ou8odhe` (`subject_id`),
  CONSTRAINT `FKd8qxriq4o5aoox3e57ou8odhe` FOREIGN KEY (`subject_id`) REFERENCES `subject` (`id`)
) ENGINE=InnoDB AUTO_INCREMENT=5 DEFAULT CHARSET=utf8mb4 COLLATE=utf8mb4_general_ci;
/*!40101 SET character_set_client = @saved_cs_client */;

--
-- Dumping data for table `stage`
--

LOCK TABLES `stage` WRITE;
/*!40000 ALTER TABLE `stage` DISABLE KEYS */;
INSERT INTO `stage` VALUES (1,150,1,120,9),(2,210,2,20,8),(3,270,3,120,6),(4,330,4,120,5);
/*!40000 ALTER TABLE `stage` ENABLE KEYS */;
UNLOCK TABLES;

--
-- Table structure for table `subject`
--

DROP TABLE IF EXISTS `subject`;
/*!40101 SET @saved_cs_client     = @@character_set_client */;
/*!50503 SET character_set_client = utf8mb4 */;
CREATE TABLE `subject` (
  `id` bigint NOT NULL AUTO_INCREMENT,
  `sub_image` varchar(255) COLLATE utf8mb4_general_ci DEFAULT NULL,
  `sub_name` varchar(255) COLLATE utf8mb4_general_ci DEFAULT NULL,
  `item_id` bigint DEFAULT NULL,
  PRIMARY KEY (`id`),
  KEY `FK2ux47myi17fx3f7nc8tsefwq8` (`item_id`),
  CONSTRAINT `FK2ux47myi17fx3f7nc8tsefwq8` FOREIGN KEY (`item_id`) REFERENCES `item` (`id`)
) ENGINE=InnoDB AUTO_INCREMENT=13 DEFAULT CHARSET=utf8mb4 COLLATE=utf8mb4_general_ci;
/*!40101 SET character_set_client = @saved_cs_client */;

--
-- Dumping data for table `subject`
--

LOCK TABLES `subject` WRITE;
/*!40000 ALTER TABLE `subject` DISABLE KEYS */;
INSERT INTO `subject` VALUES (5,'https://aicanvas-mw.s3.ap-northeast-2.amazonaws.com/item/subject/bmw.png','자동차',12),(6,'https://aicanvas-mw.s3.ap-northeast-2.amazonaws.com/item/subject/panda.png','팬더',13),(7,'https://aicanvas-mw.s3.ap-northeast-2.amazonaws.com/item/subject/cartoon_set.png','캐릭터',14),(8,'https://aicanvas-mw.s3.ap-northeast-2.amazonaws.com/item/subject/handbag.png','손가방',15),(9,'https://aicanvas-mw.s3.ap-northeast-2.amazonaws.com/item/subject/shoe.png','신발',16),(10,'https://aicanvas-mw.s3.ap-northeast-2.amazonaws.com/item/subject/maple_character.png','게임 캐릭터',17),(11,'https://aicanvas-mw.s3.ap-northeast-2.amazonaws.com/item/subject/gemstone.png','보석',18),(12,'https://aicanvas-mw.s3.ap-northeast-2.amazonaws.com/item/subject/space.png','우주',19);
/*!40000 ALTER TABLE `subject` ENABLE KEYS */;
UNLOCK TABLES;
SET @@SESSION.SQL_LOG_BIN = @MYSQLDUMP_TEMP_LOG_BIN;
/*!40103 SET TIME_ZONE=@OLD_TIME_ZONE */;

/*!40101 SET SQL_MODE=@OLD_SQL_MODE */;
/*!40014 SET FOREIGN_KEY_CHECKS=@OLD_FOREIGN_KEY_CHECKS */;
/*!40014 SET UNIQUE_CHECKS=@OLD_UNIQUE_CHECKS */;
/*!40101 SET CHARACTER_SET_CLIENT=@OLD_CHARACTER_SET_CLIENT */;
/*!40101 SET CHARACTER_SET_RESULTS=@OLD_CHARACTER_SET_RESULTS */;
/*!40101 SET COLLATION_CONNECTION=@OLD_COLLATION_CONNECTION */;
/*!40111 SET SQL_NOTES=@OLD_SQL_NOTES */;

-- Dump completed on 2023-10-06 10:49:53
